"cod_municipio","nombre_municipio","nombre_municipio_norm","pob_total","pob_extranjera","pob_menor_16","pob_mayor_65","pct_extranjeros","indice_envejecimiento","pct_estudios_sup","num_colegios","ratio_colegios","distancia_centro_educativo","num_centros_salud","ratio_centros_salud","consultorio_local","num_hospitales","ratio_hospital","distancia_hospital","precio_m2_alquiler","renta_media_hogar","esfuerzo_alquiler","contratos_total","pct_contratos_agricultura","pct_contratos_industria","pct_contratos_construccion","pct_contratos_servicios","pct_hogares_100mbps","internet_100mbps_mayor90"
"46002","Ador","ador",1706,227,214,351,13.305978898007,164.018691588785,24.256444150694,1,0.586166471277843,5.55,0,0,1,0,0,7.27,3.18610021592833,28814,10.6151738991157,391,6.50602409638554,11.3253012048193,2.89156626506024,79.2771084337349,91.3544668587896,1
"46004","Agullent","agullent",2361,114,315,470,4.8284625158831,149.206349206349,17.7153920619555,1,0.423549343498518,1.8,0,0,1,0,0,4.83,2.78192214464134,30661,8.71023534410387,797,0.734394124847001,47.4908200734394,4.40636474908201,47.3684210526316,92.7331887201735,1
"46042","Aielo de Malferit","aielo de malferit",4589,526,695,794,11.4621921987361,114.244604316547,16.0050890585242,2,0.435824798431031,6.01,0,0,1,0,0,6.76,2.41366258685536,33828,6.84969872112198,1653,35.632183908046,23.5329703569268,4.05323653962492,36.7816091954023,98.0286738351254,1
"46043","Aielo de Rugat","aielo de rugat",166,15,15,49,9.03614457831325,326.666666666667,23.1,0,0,16.07,0,0,1,0,0,17.77,4,40407,9.50330388299057,36,6.52173913043478,32.6086956521739,19.5652173913043,41.304347826087,95.5223880597015,1
"46005","Alaquàs","alaquas",29537,1879,4420,5956,6.36151267901276,134.751131221719,14.9098853085745,10,0.33855841825507,0,1,0.033855841825507,0,0,0,3.66,5.30996870958894,30385,16.7766001685219,5958,1.81086519114688,19.0643863179074,10.7142857142857,68.41046277666,99.9829975346425,1
"46006","Albaida","albaida",5989,668,861,1193,11.1537819335448,138.55981416957,18.0657640232108,3,0.5009183503089,0,1,0.1669727834363,0,0,0,7.65,2.88082906054164,28854,9.58479205004496,1431,2.51572327044025,31.7260656883298,5.80013976240391,59.958071278826,93.0620985010707,1
"46007","Albal","albal",16845,1138,2894,2247,6.75571386168002,77.643400138217,15.6720107352214,6,0.356188780053428,0,1,0.0593647966755714,0,0,0,6.31,4.73633981423519,32797,13.8637260166045,3556,6.37461387250772,24.0101095197978,8.34035383319292,61.2749227745015,99.5220646805799,1
"46008","Albalat de la Ribera","albalat de la ribera",3444,372,516,684,10.801393728223,132.558139534884,16.3292847503374,2,0.580720092915215,0,0,0,1,0,0,5.65,3.03068563310185,28965,10.0447374685924,831,19.5678271308523,37.8151260504202,12.9651860744298,29.6518607442977,99.1228070175439,1
"46009","Albalat dels Sorells","albalat dels sorells",4084,250,641,821,6.12144955925563,128.08112324493,22.8489208633094,1,0.244857982370225,0,0,0,1,0,0,6.53,4.86111111111111,36540,12.7713920817369,611,17.3913043478261,14.170692431562,6.60225442834138,61.8357487922705,99.9375,1
"46011","Alberic","alberic",10710,1426,1815,1992,13.3146591970121,109.752066115702,25.4596888260255,4,0.373482726423903,0,1,0.0933706816059757,0,0,0,9.46,3.15914922493948,29043,10.4423897529246,2491,3.20769847634322,18.925421010425,5.49318364073777,72.373696872494,95.5420219244823,1
"46012","Alborache","alborache",1328,97,171,268,7.30421686746988,156.72514619883,18.0272108843537,1,0.753012048192771,3.18,0,0,1,0,0,28.86,4.47760796283094,30794,13.9588999295892,584,4.19463087248322,8.38926174496644,1.00671140939597,86.4093959731544,91.3123844731978,1
"46013","Alboraia/Alboraya","alboraya",25149,2749,4003,4084,10.9308521213567,102.023482388209,44.8486629444608,6,0.238578074674937,0,1,0.0397630124458229,1,0,0,3.33,7.03727253292689,41445,16.3005950816982,5741,1.68989547038328,17.1602787456446,5.64459930313589,75.5052264808362,99.1782489601298,1
"46014","Albuixech","albuixech",4201,388,614,900,9.23589621518686,146.579804560261,22.2772277227723,1,0.238038562247084,2.3,0,0,1,0,0,7.37,4.64363438047649,34716,12.8410214461845,3237,1.51048088779285,49.5684340320592,2.18865598027127,46.7324290998767,99.5668316831683,1
"46016","Alcàntera de Xúquer","alcantera de xuquer",1427,142,187,295,9.95094604064471,157.754010695187,13.8204924543288,1,0.700770847932726,2.86,0,0,1,0,0,8.22,2.96703296703297,27954,10.1894242267713,313,36.9047619047619,6.25,4.46428571428571,52.3809523809524,99.2982456140351,1
"46015","Alcàsser","alcasser",10396,1001,1778,1720,9.62870334744132,96.7379077615298,32.4258810367332,4,0.384763370527126,0,1,0.0961908426317815,0,0,0,10.3,4.07062138469796,30897,12.6478186532998,3740,18.475935828877,18.0748663101604,5.98930481283422,57.4598930481283,99.8785818358426,1
"46018","Alcublas","alcublas",607,14,35,208,2.30642504118616,594.285714285714,14.017094017094,1,1.64744645799012,0,0,0,1,0,0,18.75,3.2,22312,13.7683757619218,312,0.917431192660551,1.8348623853211,5.5045871559633,91.743119266055,93.6026936026936,1
"46020","Alcúdia de Crespins, l'","l'alcudia de crespins",5224,672,760,952,12.8637059724349,125.263157894737,23.2426303854875,2,0.382848392036753,0.43,1,0.191424196018377,0,0,0,7.82,3.15207949813659,28737,10.529965960995,1135,2.90748898678414,8.89867841409692,5.02202643171806,83.1718061674009,98.8206388206388,1
"46019","Alcúdia, l'","l'alcudia",12176,1289,2061,2236,10.5863994743758,108.491023774867,16.0346168805912,5,0.410643889618922,2.34,1,0.0821287779237845,0,0,0,7.81,3.56820542856167,32635,10.4963297423601,3993,22.5895316804408,16.5539694465314,4.93363385925369,55.9228650137741,99.5747395279609,1
"46021","Aldaia","aldaia",32656,2213,5676,5056,6.77670259676629,89.07681465821,14.6820767099315,11,0.336844683978442,0,2,0.0612444879960804,0,0,0,2.83,5.04195834434004,31359,15.4350585495916,22491,31.0346360766529,9.39931528166822,2.28980481081321,57.2762438308657,99.6499226573313,1
"46022","Alfafar","alfafar",21480,2894,3284,4112,13.4729981378026,125.213154689403,15.6324074636844,5,0.232774674115456,0,1,0.0465549348230912,1,0,0,2.86,5.07873225081549,28546,17.079741332526,5925,4.51939291736931,3.28836424957841,3.69308600337268,88.4991568296796,100,1
"46024","Alfara de la Baronia","alfara de la baronia",606,41,82,137,6.76567656765677,167.073170731707,15.8095238095238,1,1.65016501650165,5.2,0,0,1,0,0,10.86,3.1,28398,10.4796112402282,384,2.22222222222222,1.48148148148148,5.92592592592593,90.3703703703704,92.72030651341,1
"46025","Alfara del Patriarca","alfara del patriarca",3315,392,515,559,11.8250377073906,108.543689320388,25.3918495297806,2,0.603318250377074,0.49,0,0,1,0,0,3.66,6.84707795241498,32466,20.2463957195786,843,5.6140350877193,4.09356725146199,10.2923976608187,80,100,1
"46027","Alfarrasí","alfarrasi",1217,100,182,270,8.21692686935086,148.351648351648,14.176245210728,1,0.821692686935086,8.01,0,0,1,0,0,11.43,2.71125498753784,33336,7.8077897409297,495,1.77865612648221,77.0750988142292,2.37154150197628,18.7747035573123,96.0662525879917,1
"46023","Alfauir","alfauir",479,76,56,101,15.866388308977,180.357142857143,19.1,0,0,6.53,0,0,1,0,0,8.24,3.5,31357,10.7153107759033,130,12.1621621621622,2.02702702702703,8.10810810810811,77.7027027027027,94.3298969072165,1
"46028","Algar de Palància","algar de palancia",498,55,54,130,11.0441767068273,240.740740740741,25.3333333333333,0,0,6.28,0,0,1,0,0,12.02,2.86642544676098,30776,8.94128031222557,232,18.4738955823293,46.9879518072289,1.20481927710843,33.3333333333333,90.3083700440529,1
"46029","Algemesí","algemesi",27305,2469,4621,4993,9.04229994506501,108.050205583207,19.9477579451458,10,0.366233290606116,0,1,0.0366233290606116,1,0,0,3.35,3.5301946674857,31366,10.8046511534345,7708,6.811105345096,22.8334198235599,6.69434353918007,63.661131292164,99.962703962704,1
"46031","Alginet","alginet",14219,1273,2330,2456,8.95280962092974,105.407725321888,15.6518117451062,5,0.351642168928898,0,1,0.0703284337857796,0,0,0,12.15,3.72826710419717,31026,11.5359260621069,2878,13.416753562739,12.8258602711157,8.55057351407716,65.2068126520681,98.7656561989472,1
"46032","Almàssera","almassera",7482,408,1143,1389,5.45308740978348,121.522309711286,22.5726270001554,2,0.267308206361935,0,1,0.133654103180968,0,0,0,4.26,4.99569845964378,35078,13.6720181346087,799,8.0545229244114,24.0396530359356,11.0285006195787,56.8773234200744,99.0872210953347,1
"46033","Almiserà","almisera",260,36,28,67,13.8461538461538,239.285714285714,20.5,0,0,9.69,0,0,1,0,0,11.38,3,28876,9.97368056517523,31,18.1818181818182,0,0,81.8181818181818,91.8918918918919,1
"46034","Almoines","almoines",2473,178,450,410,7.19773554387384,91.1111111111111,19.0847127555988,1,0.404367165386171,2.08,0,0,1,0,0,3.29,3.99632524932485,31102,12.3351303432315,3607,74.1507870753935,2.15410107705054,0.828500414250207,22.8666114333057,100,1
"46035","Almussafes","almussafes",8929,593,1485,1593,6.64128121850151,107.272727272727,19.6725675495807,3,0.335983872774107,0,1,0.111994624258036,0,0,0,14.61,3.90041220986181,38533,9.71737399493249,25442,1.01403136422592,69.5240341154738,0.636717368234878,28.8252171520654,99.2271105826397,1
"46037","Alqueria de la Comtessa, l'","l'alqueria de la comtessa",1478,140,223,319,9.4722598105548,143.04932735426,16.7189952904239,1,0.6765899864682,2.11,0,0,1,0,0,4.58,4,30247,12.695473931299,601,10.7843137254902,13.8888888888889,6.37254901960784,68.9542483660131,100,1
"46017","Alzira","alzira",45451,5532,7177,8432,12.1713493652505,117.486414936603,20.055686803915,16,0.352027458141735,0,2,0.0440034322677169,0,1,0.0220017161338584,0,3.89970945758295,32904,11.3777081184039,33117,33.188392668418,24.4315608297853,2.72065706434762,39.659389437449,97.7103606182026,1
"46039","Anna","anna",2583,190,286,710,7.35578784359272,248.251748251748,16.3885323063757,1,0.387146728610143,0,0,0,1,0,0,11.87,2.50258558708036,30041,7.99734417495139,577,11.4427860696517,6.30182421227197,3.48258706467662,78.7728026533997,96.1885656970913,1
"46040","Antella","antella",1130,58,131,312,5.13274336283186,238.167938931298,15.2238805970149,1,0.884955752212389,0,0,0,1,0,0,10.76,2.26651763537009,28225,7.70897052242794,124,18.75,2.34375,0,78.90625,99.3762993762994,1
"46041","Aras de los Olmos","aras de los olmos",380,35,49,122,9.21052631578947,248.979591836735,21.3,1,2.63157894736842,19.92,0,0,1,0,0,48.88,3.3,26518,11.9466023078664,58,14.8148148148148,25.9259259259259,0,59.2592592592593,90.8045977011494,1
"46003","Atzeneta d'Albaida","atzeneta d'albaida",1146,55,144,255,4.79930191972077,177.083333333333,18.75,1,0.87260034904014,0,0,0,1,0,0,9.3,2.79396030957846,28930,9.27135118283901,651,0,53.7404580152672,4.88549618320611,41.3740458015267,96.137339055794,1
"46044","Ayora","ayora",5187,300,712,1233,5.78368999421631,173.174157303371,14.694236691597,2,0.385579332947754,9.03,1,0.192789666473877,0,0,0,47.33,2.75089318355514,28722,9.19454584016759,937,15.2127659574468,10.9574468085106,9.36170212765957,64.468085106383,92.2525107604017,1
"46045","Barxeta","barxeta",1576,138,215,370,8.75634517766497,172.093023255814,15.0943396226415,1,0.634517766497462,9.35,0,0,1,0,0,8.3,3.1,31610,9.4147421701993,335,38.328530259366,6.9164265129683,17.2910662824208,37.463976945245,94.0129449838188,1
"46047","Bèlgida","belgida",639,28,82,152,4.38184663536776,185.365853658537,13.0124777183601,1,1.56494522691706,5.04,0,0,1,0,0,11.97,3.2,27592,11.1336619309945,248,38.7218045112782,11.2781954887218,7.89473684210526,42.1052631578947,94.2307692307692,1
"46048","Bellreguard","bellreguard",4713,470,684,896,9.97241671971144,130.994152046784,20.3653418908911,2,0.424358158285593,1.53,1,0.212179079142797,1,0,0,3.18,3.49395827456811,30137,11.1298402083332,1035,2.74361400189215,1.98675496688742,7.09555345316935,88.1740775780511,99.4258872651357,1
"46049","Bellús","bellus",301,8,29,76,2.6578073089701,262.068965517241,15.4,0,0,5.5,0,0,1,0,0,7.14,3.7,25750,13.7941747572816,27,0,9.09090909090909,9.09090909090909,81.8181818181818,100,1
"46051","Benaguasil","benaguasil",11568,1125,1747,2137,9.72510373443983,122.323983972524,16.1724796461956,3,0.259336099585062,0,1,0.0864453665283541,0,0,0,5.88,3.99969163127057,29336,13.0887100014308,1770,6.43704121964991,9.93788819875776,10.2202145680407,73.4048560135517,96.4916151809356,1
"46052","Benavites","benavites",667,33,87,155,4.94752623688156,178.16091954023,16.7521367521367,0,0,0.51,0,0,1,0,0,16.06,3.9,29961,12.4962451186543,270,34.2857142857143,0,0,65.7142857142857,100,1
"46053","Beneixida","beneixida",652,32,82,125,4.9079754601227,152.439024390244,22.7272727272727,1,1.53374233128834,3.18,0,0,1,0,0,6.53,4.7,35172,12.8283862163084,693,4.09026798307475,10.296191819464,4.23131170662905,81.3822284908321,99.622641509434,1
"46054","Benetússer","benetusser",15493,1647,2277,3001,10.6306073710708,131.796223100571,17.487075747359,5,0.322726392564384,0.59,1,0.0645452785128768,0,0,0,2.96,5.0972181557869,30099,16.2574485184073,6762,81.4245603664844,0.620659080833456,3.17718338998079,14.7775971627013,100,1
"46055","Beniarjó","beniarjo",1791,157,278,288,8.76605248464545,103.597122302158,19.3962748876044,1,0.558347292015634,3.21,0,0,1,0,0,4.58,3.70299692147918,29723,11.9600210093867,941,34.6555323590814,2.19206680584551,2.81837160751566,60.3340292275574,95.8100558659218,1
"46904","Benicull de Xúquer","benicull de xuquer",1102,73,150,187,6.62431941923775,124.666666666667,16.7701863354037,1,0.907441016333938,4.21,0,0,1,0,0,4.72,4.73684210526316,29979,15.1685126957291,68,7.5,0,40,52.5,94.6666666666667,1
"46060","Benifaió","benifaio",11877,963,1693,2556,8.10810810810811,150.974601299468,17.5036425449247,4,0.336785383514355,0,1,0.0841963458785889,0,0,0,13.78,3.95160395160395,32735,11.5886353857944,2137,2.98786181139122,32.1195144724556,6.02240896358543,58.8702147525677,99.452861952862,1
"46059","Benifairó de la Valldigna","benifairo de la valldigna",1552,122,176,381,7.86082474226804,216.477272727273,21.5714285714286,1,0.644329896907217,1.19,0,0,1,0,0,5.97,2.30414746543779,33361,6.63044143407056,4506,53.1947822241875,0.508512049524652,0.397965951801901,45.898739774486,90.4684975767367,1
"46058","Benifairó de les Valls","benifairo de les valls",2314,160,402,475,6.91443388072602,118.159203980099,14.8340248962656,2,0.864304235090752,1.3,0,0,1,0,0,14.73,3.71926422619967,28428,12.5597778850137,348,23.3062330623306,2.4390243902439,10.2981029810298,63.9566395663957,100,1
"46061","Beniflá","benifla",475,28,80,50,5.89473684210526,62.5,20.6,0,0,3.67,0,0,0,0,0,5.07,4.18076787035286,30273,13.257811104082,413,4.20560747663551,19.392523364486,7.47663551401869,68.9252336448598,98.8505747126437,1
"46062","Benigànim","beniganim",5718,358,758,1150,6.26093039524309,151.715039577836,15.1408450704225,2,0.349772647778944,8.15,1,0.174886323889472,0,0,0,9.03,2.68166968152027,30314,8.49245528224405,970,15.9509202453988,14.2126789366053,4.39672801635992,65.439672801636,94.9504057709648,1
"46063","Benimodo","benimodo",2233,132,346,412,5.91133004926108,119.075144508671,15.0368033648791,1,0.447828034034931,1.58,0,0,1,0,0,10.38,3.32900943396226,31635,10.1022571727636,1268,10.7450980392157,75.843137254902,1.17647058823529,12.2352941176471,98.0526918671248,1
"46064","Benimuslem","benimuslem",662,32,95,124,4.83383685800604,130.526315789474,13.8353765323993,0,0,2.74,0,0,1,0,0,6.51,3.80952380952381,28763,12.7147476172265,84,34.5794392523364,11.214953271028,5.60747663551402,48.5981308411215,97.3684210526316,1
"46065","Beniparrell","beniparrell",2020,81,292,361,4.00990099009901,123.630136986301,18.4826012549914,1,0.495049504950495,1.21,0,0,1,0,0,7.52,4.76190476190476,35997,12.6994709876617,4916,0.528133252082064,38.3709120455007,3.39224050375787,57.7087141986594,99.8712998712999,1
"46066","Benirredrà","benirredra",1548,74,191,407,4.78036175710594,213.089005235602,23.1386861313869,1,0.645994832041344,0.29,0,0,1,0,0,1.92,4.75232964472918,44369,10.2824865535397,297,1.88087774294671,7.52351097178683,9.40438871473354,81.1912225705329,100,1
"46067","Benissanó","benissano",2345,173,344,444,7.3773987206823,129.06976744186,18.7839841819081,1,0.426439232409382,1.84,0,0,1,0,0,4.93,3.82748776365798,31883,11.5246001101266,459,6.43153526970954,16.804979253112,5.60165975103734,71.1618257261411,96.7926689576174,1
"46069","Benissuera","benissuera",188,20,20,60,10.6382978723404,300,15.7,0,0,9.04,0,0,1,0,0,10.82,3,26876,10.7158803393362,3,0,0,0,100,95.1807228915663,1
"46070","Bétera","betera",26289,3192,4707,3917,12.1419605158051,83.2164860845549,21.5251317918472,5,0.19019361710221,0,1,0.038038723420442,0,1,0.038038723420442,0,5.64409195304912,45253,11.9734123150447,4732,6.2552831783601,5.28317836010144,9.99577345731192,78.4657650042265,94.9342319817372,1
"46072","Bocairent","bocairent",4123,93,543,1028,2.25563909774436,189.318600368324,19.9341021416804,2,0.485083676934271,5.7,1,0.242541838467136,0,0,0,5.95,3.44247206127348,30919,10.688486622538,881,1.34983127109111,35.095613048369,8.43644544431946,55.1181102362205,96.2134251290878,1
"46073","Bolbaite","bolbaite",1338,107,163,351,7.99701046337818,215.337423312883,13.9593908629442,1,0.747384155455904,0,0,0,1,0,0,15.45,2.9,27884,9.98422034141443,112,14.2857142857143,25.1700680272109,10.2040816326531,50.3401360544218,94.5386064030132,1
"46074","Bonrepòs i Mirambell","bonrepos i mirambell",3831,256,739,554,6.68232837379274,74.9661705006766,21.29362792187,1,0.261028452101279,0.81,0,0,1,0,0,4.05,5.61797752808989,34554,15.6082028910294,505,7.93036750483559,20.3094777562863,7.15667311411992,64.6034816247582,99.7264021887825,1
"46077","Buñol","bunol",9503,732,1454,2210,7.70283068504683,151.994497936726,17.4813181428396,4,0.4209197095654,0,1,0.10522992739135,0,0,0,26.89,3.39790487034087,32310,10.0959104782644,4229,0.566304860783388,47.8999528079283,2.94950448324681,48.5842378480415,97.5808643653167,1
"46078","Burjassot","burjassot",38880,4483,5796,7170,11.5303497942387,123.706004140787,20.3090862357023,12,0.308641975308642,0,2,0.051440329218107,0,1,0.0257201646090535,0,5.31680634135868,30100,16.95725610533,8773,0.250655121339866,2.52933804261137,6.80186851999544,90.4181383160533,99.9933866807751,1
"46080","Camporrobles","camporrobles",1196,116,119,340,9.69899665551839,285.714285714286,16.9724770642202,1,0.836120401337793,7.56,0,0,1,0,0,32.1,2.52100840336134,23598,10.2558185745694,197,36.8181818181818,21.3636363636364,4.09090909090909,37.7272727272727,98.0108499095841,1
"46081","Canals","canals",13187,1396,1914,2658,10.5861833624024,138.871473354232,16.5692007797271,7,0.530825813300978,0,1,0.0758322590429969,1,0,0,8.02,3.17870658197053,29470,10.3547957878918,1988,10.1005025125628,7.58793969849246,6.88442211055276,75.4271356783919,97.3585649517051,1
"46082","Canet d'En Berenguer","canet d'en berenguer",6942,552,1211,1259,7.95159896283492,103.963666391412,34.4553771793544,4,0.576202823393835,0,0,0,1,0,0,16.98,6.77004863541412,36988,17.5712303720059,2520,0.951625693893735,11.4195083267248,5.6304520222046,81.9984139571768,100,1
"46083","Carcaixent","carcaixent",20498,2248,3096,3905,10.9669236023027,126.130490956072,17.3727365903656,7,0.341496731388428,3.39,1,0.048785247341204,0,1,0.048785247341204,0,3.66383203069887,30251,11.6269834037583,4302,9.88142292490119,9.02115787026273,6.69611718205069,74.4013020227854,97.6064809132196,1
"46084","Càrcer","carcer",1808,126,252,402,6.96902654867257,159.52380952381,15.1207115628971,2,1.10619469026549,2.36,1,0.553097345132743,0,0,0,8.61,2.97115975231171,30898,9.23138508065,1640,47.7341389728097,2.7190332326284,2.17522658610272,47.3716012084592,98.2905982905983,1
"46085","Carlet","carlet",15945,2426,2790,2997,15.2148008780182,107.41935483871,14.5883413461538,6,0.376293508936971,0,1,0.0627155848228285,0,0,0,10.72,3.4224374064548,29932,10.9766801757203,6469,13.6033390013913,36.3116401298501,4.25104343793477,45.8339774308239,98.4082241750953,1
"46088","Casas Bajas","casas bajas",171,0,21,59,0,280.952380952381,20.9,0,0,4.58,0,0,1,0,0,61.52,3.3,20574,15.3980752405949,43,0,6.12244897959184,18.3673469387755,75.5102040816327,91.1111111111111,1
"46257","Castelló","castello",6932,611,928,1399,8.81419503750721,150.754310344828,14.3091296508769,4,0.577034045008656,0,1,0.144258511252164,0,0,0,64.77,2.93080925853953,31614,8.89978138861881,2599,24.7593376973431,33.1151328455911,3.61956103195995,38.5059684251059,98.6641929499072,1
"46090","Castelló de Rugat","castello de rugat",2315,380,355,443,16.414686825054,124.788732394366,14.2713567839196,2,0.863930885529158,13.09,1,0.431965442764579,0,0,0,18.4,2.38856817865701,29054,7.8922883303873,1046,45.7115928369463,8.95381715362865,2.73327049952875,42.6013195098963,97.0819304152638,1
"46091","Castellonet de la Conquesta","castellonet de la conquesta",137,23,6,39,16.7883211678832,650,25.9,0,0,8.17,0,0,1,0,0,9.9,4.4,39792,10.6151990349819,34,20.9302325581395,0,0,79.0697674418605,92.4528301886792,1
"46093","Catadau","catadau",2862,261,416,563,9.11949685534591,135.336538461538,16.0528422738191,2,0.698812019566737,0.78,1,0.349406009783368,0,0,0,17.7,3.2403721123877,28926,10.7541907899198,699,18.9383070301291,27.403156384505,10.9038737446198,42.7546628407461,97.5945017182131,1
"46094","Catarroja","catarroja",28679,2651,5161,4700,9.2436974789916,91.0676225537686,20.4957779449879,10,0.348687192719411,0,1,0.0348687192719411,0,0,0,5.04,4.95536026309877,33666,14.1304160059847,8055,7.28468602630926,24.6339041945892,6.40357408786299,61.6778356912385,99.981460882462,1
"46095","Caudete de las Fuentes","caudete de las fuentes",701,44,88,223,6.27674750356633,253.409090909091,16.0436137071651,1,1.4265335235378,6.31,1,1.4265335235378,0,0,0,18.19,3.3,24568,12.8948225333768,327,58.0645161290323,15.5425219941349,4.39882697947214,21.9941348973607,99.0445859872611,1
"46096","Cerdà","cerda",351,18,53,64,5.12820512820513,120.754716981132,17.9,0,0,2.05,0,0,1,0,0,5.99,3.53320426651081,27769,12.2146137630105,36,0,43.75,6.25,50,98.5915492957747,1
"46108","Chera","chera",492,22,36,165,4.47154471544715,458.333333333333,17.1,0,0,15.46,0,0,1,0,0,15.74,3.1,22588,13.1751372410129,60,12.5,12.5,16.6666666666667,58.3333333333333,92.5311203319502,1
"46109","Cheste","cheste",8971,1322,1329,1747,14.7363727566604,131.452219714071,16.9081500646831,6,0.668821759001226,0,1,0.111470293166871,0,0,0,17.33,3.7269541867243,31375,11.4035889059931,7654,7.77371309119415,41.1549516592631,2.62607786778155,48.4452573817612,93.7859608745685,1
"46111","Chiva","chiva",16285,1579,2632,2474,9.6960392999693,93.9969604863222,22.2382151853185,5,0.307031010132023,0,1,0.0614062020264047,1,0,0,20.6,4.57446364978547,35846,12.2509766885958,4584,6.239092495637,34.8821989528796,4.82111692844677,54.0575916230367,90.7377834557649,1
"46112","Chulilla","chulilla",692,106,62,193,15.3179190751445,311.290322580645,21.2933753943218,0,0,11.41,0,0,1,0,0,23.47,3.44827586206897,26503,12.4904532603336,135,19.7452229299363,9.55414012738854,7.64331210191083,63.0573248407643,90.0602409638554,1
"46097","Cofrentes","cofrentes",1112,47,115,302,4.22661870503597,262.608695652174,15.4690618762475,1,0.899280575539568,10.05,1,0.899280575539568,0,0,0,28.44,3.7,36582,9.70969329178284,974,0.304878048780488,5.48780487804878,4.77642276422764,89.4308943089431,96.551724137931,1
"46098","Corbera","corbera",3097,214,480,674,6.90991281885696,140.416666666667,16.5421956684093,1,0.322893122376493,5.66,0,0,1,0,0,6.33,2.77561181384461,27973,9.52556873160128,767,5.92783505154639,12.8865979381443,7.60309278350515,73.5824742268041,90.4163393558523,1
"46100","Cotes","cotes",323,20,33,82,6.19195046439629,248.484848484848,18.2,0,0,1.84,0,0,1,0,0,9.01,3.1,28061,10.6054666619151,204,5.30973451327434,2.65486725663717,7.9646017699115,84.070796460177,96.5277777777778,1
"46105","Cullera","cullera",22937,3628,2968,5049,15.8172385229106,170.114555256065,15.1252353511725,9,0.392379125430527,0,2,0.0871953612067838,1,0,0,12.19,5.05017968444027,28698,16.8937643635886,7531,8.12533191715348,2.5756771109931,3.3457249070632,85.9532660647902,99.1246797608881,1
"46113","Daimús","daimus",3274,218,446,685,6.658521686011,153.587443946188,22.6460481099656,1,0.30543677458766,1.79,0,0,1,0,0,1.96,5.99810766400832,31038,18.552043809034,1303,10.2739726027397,6.77321156773212,3.12024353120244,79.8325722983257,99.656121045392,1
"46114","Domeño","domeno",656,24,81,141,3.65853658536585,174.074074074074,12.9087779690189,0,0,6.94,0,0,1,0,0,4.96,3.47826086956522,32472,10.283106783637,696,41.1764705882353,3.36134453781513,1.68067226890756,53.781512605042,95.9259259259259,1
"46116","Eliana, l'","l'eliana",18544,1572,2841,3718,8.47713546160483,130.86941217881,38.5923535253227,8,0.431406384814495,0.82,1,0.0539257981018119,0,0,0,4.81,6.70778438075399,49738,12.9467871758491,4788,0.250312891113892,2.04422194409679,3.87984981226533,93.825615352524,95.9001512859304,1
"46117","Emperador","emperador",705,30,138,83,4.25531914893617,60.1449275362319,23.8907849829352,0,0,1.96,0,0,1,0,0,7.59,5.72289156626506,37732,14.5605213177527,35,5.88235294117647,11.7647058823529,17.6470588235294,64.7058823529412,100,1
"46118","Enguera","enguera",4770,512,567,1074,10.7337526205451,189.417989417989,18,2,0.419287211740042,0,1,0.209643605870021,1,0,0,15.8,2.99155718122949,30417,9.44174275563109,2524,1.37686860739575,74.5869394177813,1.14083398898505,22.8953579858379,96.5891472868217,1
"46119","Énova, l'","l'enova",908,36,115,257,3.9647577092511,223.478260869565,14.7869674185464,1,1.10132158590308,3.44,0,0,1,0,0,5.6,3.2,28329,10.8440114370433,286,31.2292358803987,1.99335548172757,4.98338870431894,61.7940199335548,96.6666666666667,1
"46120","Estivella","estivella",1559,66,224,372,4.23348300192431,166.071428571429,24.2625368731563,1,0.64143681847338,0,1,0.64143681847338,0,0,0,7.76,2.88642826472354,34313,8.0755723315787,395,5.06024096385542,13.7349397590361,4.33734939759036,76.8674698795181,92.687074829932,1
"46121","Estubeny","estubeny",109,2,8,33,1.8348623853211,412.5,17,0,0,1.94,0,0,1,0,0,9.91,3.1,26876,11.0730763506474,173,65,0,0,35,98.2456140350877,1
"46122","Faura","faura",3568,281,515,756,7.87556053811659,146.796116504854,18.2436811406351,1,0.280269058295964,1.43,1,0.280269058295964,0,0,0,15.29,3.83922477382291,30097,12.2459241215736,385,7.92079207920792,2.22772277227723,14.1089108910891,75.7425742574257,99.9325691166554,1
"46123","Favara","favara",2578,217,362,539,8.41737781225756,148.895027624309,15.1717983043284,1,0.387897595034911,0,0,0,1,0,0,7.01,3.45604991502307,28270,11.7361440340366,541,2.72727272727273,19.6363636363636,5.63636363636364,72,98.7755102040816,1
"46126","Foios","foios",7496,475,1311,1413,6.3367129135539,107.780320366133,23.4687400825135,3,0.400213447171825,1.61,1,0.133404482390608,0,0,0,5.51,4.99321893823094,35308,13.5762155338782,976,2.55623721881391,24.7443762781186,8.69120654396728,64.0081799591002,99.6955345060893,1
"46128","Font de la Figuera, la","la font de la figuera",2024,165,292,470,8.15217391304348,160.958904109589,12.5568181818182,1,0.494071146245059,19.29,0,0,1,0,0,34.45,2.00938945257378,28110,6.86237593194887,382,12.2137404580153,25.6997455470738,6.36132315521628,55.7251908396947,95.8133971291866,1
"46127","Font d'En Carròs, la","la font d'en carros",3857,477,569,788,12.3671247083225,138.488576449912,17.2537313432836,1,0.259268861809697,4.52,0,0,1,0,0,6.26,2.92602693617581,27693,10.1433064627479,278,17.5257731958763,2.06185567010309,18.5567010309278,61.8556701030928,97.3162939297125,1
"46125","Fortaleny","fortaleny",1026,24,147,224,2.33918128654971,152.380952380952,17.7727784026997,1,0.974658869395711,1.69,0,0,1,0,0,10,3.11174242424242,31068,9.61527207181899,96,0,8.82352941176471,20.5882352941176,70.5882352941177,99.2555831265509,1
"46129","Fuenterrobles","fuenterrobles",690,100,91,152,14.4927536231884,167.032967032967,10.7202680067002,1,1.44927536231884,0,0,0,1,0,0,25.97,3.3,23516,13.4716788569485,121,62.589928057554,14.3884892086331,4.31654676258993,18.705035971223,99.3079584775086,1
"46131","Gandia","gandia",75911,15330,11513,14164,20.1947016901371,123.026144358551,12.0092300955012,18,0.237119785011395,0,3,0.0395199641685658,1,2,0.0263466427790439,0,4.48244794158634,30225,14.2370554968499,24646,2.57648299926966,7.87145987178447,4.07368335632557,85.4783737726203,99.6532479112315,1
"46902","Gátova","gatova",412,5,35,123,1.21359223300971,351.428571428571,20.6,0,0,3.49,0,0,1,0,0,12.17,3.1,21465,13.8644304682041,106,0,8.03571428571429,2.67857142857143,89.2857142857143,91.1627906976744,1
"46130","Gavarda","gavarda",1053,24,152,238,2.27920227920228,156.578947368421,15.0549450549451,1,0.949667616334283,3.18,0,0,1,0,0,9.74,2.75229357798165,29648,8.91190581105769,363,10.079575596817,5.03978779840849,65.5172413793103,19.3633952254642,100,1
"46132","Genovés, el","el genoves",2780,138,420,528,4.96402877697842,125.714285714286,19.2356152876942,1,0.359712230215827,9.25,0,0,1,0,0,10.56,3.08028883687608,30470,9.70488114014125,415,6.16113744075829,20.3791469194313,17.0616113744076,56.3981042654028,92.6499032882012,1
"46134","Gilet","gilet",3601,353,616,524,9.80283254651486,85.0649350649351,26.4013266998342,1,0.277700638711469,0,0,0,1,0,0,9.12,4.57697222343893,34710,12.6588687251552,305,13.7931034482759,4.70219435736677,13.4796238244514,68.025078369906,97.7272727272727,1
"46135","Godella","godella",13050,1015,2088,2744,7.77777777777778,131.417624521073,41.4391837465318,7,0.53639846743295,0,1,0.0766283524904215,0,1,0.0766283524904215,0,5.99889228242507,52947,10.8767948913594,2334,1.32365499573015,4.61144321093083,7.25875320239112,86.8061485909479,95.3629032258064,1
"46137","Granja de la Costera, la","la granja de la costera",276,7,25,70,2.53623188405797,280,20.8,0,0,1.94,0,0,1,0,0,4.14,4.6,29209,15.1186278201924,201,21.5596330275229,41.743119266055,8.25688073394496,28.4403669724771,100,1
"46138","Guadasséquies","guadassequies",475,21,78,94,4.42105263157895,120.512820512821,20.7,1,2.10526315789474,7.52,0,0,1,0,0,9.35,3.5,32214,10.4302477183833,163,1.79640718562874,54.4910179640719,0,43.7125748502994,96.2365591397849,1
"46139","Guadassuar","guadassuar",5910,466,885,1318,7.88494077834179,148.926553672316,18.4070796460177,3,0.50761421319797,0,1,0.169204737732657,0,0,0,5.15,3.32842195285973,33192,9.626672314851,1634,14.5654834761322,20.7466340269278,6.79314565483476,57.8947368421053,97.2234464521816,1
"46140","Guardamar de la Safor","guardamar de la safor",567,51,92,73,8.99470899470899,79.3478260869565,32.776617954071,0,0,0.9,0,0,1,0,0,2.63,5.92506533108704,35778,15.8982131976174,119,0,0,2.47933884297521,97.5206611570248,100,1
"46142","Jalance","jalance",788,23,40,300,2.91878172588833,750,11.4513981358189,0,0,5.67,0,0,1,0,0,32.68,2.71739130434783,29557,8.82598251572865,282,3.07167235494881,9.55631399317406,2.04778156996587,85.3242320819113,98.5875706214689,1
"46144","Jarafuel","jarafuel",777,49,69,261,6.30630630630631,378.260869565217,13.2208157524613,1,1.28700128700129,0,0,0,1,0,0,38.36,2.7,26987,9.60462444880869,102,5.17241379310345,2.58620689655172,7.75862068965517,84.4827586206897,97.2144846796657,1
"46154","Llanera de Ranes","llanera de ranes",1066,83,167,210,7.78611632270169,125.748502994012,12.4590163934426,1,0.938086303939963,2.52,0,0,1,0,0,5.56,2.58411899184027,27256,9.10168121575675,214,0,29.2792792792793,15.3153153153153,55.4054054054054,97,1
"46152","Llocnou de la Corona","llocnou de la corona",109,18,12,20,16.5137614678899,166.666666666667,20.8,0,0,0.3,0,0,0,0,0,2.63,4.1,31003,12.695545592362,15,0,0,0,100,95.9183673469388,1
"46153","Llocnou de Sant Jeroni","llocnou de sant jeroni",577,35,74,148,6.06585788561525,200,17.0923379174853,1,1.73310225303293,9.82,0,0,1,0,0,11.52,3,31800,9.05660377358491,98,0,27.027027027027,16.2162162162162,56.7567567567568,97.7578475336323,1
"46151","Llocnou d'En Fenollet","llocnou d'en fenollet",924,55,135,191,5.95238095238095,141.481481481481,16.4366373902133,1,1.08225108225108,5.45,0,0,1,0,0,3.84,3.8,29237,12.4773403563977,64,22.7272727272727,3.40909090909091,27.2727272727273,46.5909090909091,97.4719101123596,1
"46156","Llombai","llombai",2648,223,380,511,8.4214501510574,134.473684210526,16.2516382699869,3,1.13293051359517,0,0,0,1,0,0,18.37,3.0409098990995,30667,9.51926664863053,450,21.3507625272331,9.58605664488017,17.6470588235294,51.4161220043573,94.6550048590865,1
"46157","Llosa de Ranes, la","la llosa de ranes",3652,212,479,759,5.80503833515882,158.455114822547,15.2647975077882,1,0.273822562979189,3.55,1,0.273822562979189,0,0,0,2.41,2.60313598840096,29062,8.59889391254875,538,10.1663585951941,12.1996303142329,10.1663585951941,67.4676524953789,97.6092896174863,1
"46150","Llutxent","llutxent",2318,158,342,471,6.81622088006903,137.719298245614,12.4124124124124,1,0.431406384814495,12.07,1,0.431406384814495,0,0,0,15.09,2.52352536022261,29478,8.21827921098346,328,8.72093023255814,6.1046511627907,18.0232558139535,67.1511627906977,92.6918392204628,1
"46148","Loriguilla","loriguilla",2100,150,377,283,7.14285714285714,75.0663129973475,18.6819484240688,1,0.476190476190476,5.85,0,0,1,0,0,9.58,5.00198474336406,35812,13.4086489266991,890,3.22939866369711,14.9220489977728,30.0668151447661,51.7817371937639,94.3790849673203,1
"46149","Losa del Obispo","losa del obispo",527,86,71,122,16.3187855787476,171.830985915493,15.2360515021459,1,1.89753320683112,12.66,0,0,1,0,0,22.42,2.76620133002433,26595,9.98515990533317,60,32.5842696629214,13.4831460674157,16.8539325842697,37.0786516853933,98.2608695652174,1
"46158","Macastre","macastre",1387,147,171,304,10.5984138428262,177.777777777778,14.5985401459854,0,0,1.87,0,0,1,0,0,28.73,2.45764972655729,28427,8.29965785167269,101,7.6271186440678,25.4237288135593,2.54237288135593,64.4067796610169,91.6666666666667,1
"46159","Manises","manises",31170,3204,4753,5500,10.279114533205,115.716389648643,15.2586542201478,11,0.352903432787937,0,1,0.0320821302534488,1,1,0.0320821302534488,0,5.4946361752074,31068,16.9784045583852,8197,0.219298245614035,7.73635477582846,8.38206627680312,83.6622807017544,96.5502804990371,1
"46160","Manuel","manuel",2496,195,358,525,7.8125,146.648044692737,15.5916473317865,1,0.400641025641026,2.37,0,0,1,0,0,5.23,3.10899809119658,29560,10.0968814869713,589,26.9949066213922,16.1290322580645,7.13073005093379,49.7453310696095,97.3140495867769,1
"46161","Marines","marines",1942,78,298,349,4.01647785787848,117.114093959732,14.4642857142857,1,0.514933058702369,0,0,0,1,0,0,6.24,4.02542372881356,31827,12.1419134057907,274,4.89510489510489,28.3216783216783,6.29370629370629,60.4895104895105,95.2654232424677,1
"46162","Massalavés","massalaves",1696,264,278,330,15.5660377358491,118.705035971223,10.3568929321204,1,0.589622641509434,2.77,0,0,1,0,0,8.53,3.21100917431193,26763,11.5180241652261,876,10.1925254813137,7.36126840317101,4.19026047565119,78.2559456398641,99.2537313432836,1
"46163","Massalfassar","massalfassar",2587,187,453,368,7.22844994201778,81.2362030905077,28.6972647195179,1,0.386548125241593,1.84,0,0,1,0,0,8.78,4.78599423737579,37715,12.1823000606675,2251,0.795404330534688,29.8276623950508,2.60715863897481,66.7697746354397,100,1
"46164","Massamagrell","massamagrell",16223,1271,2597,2877,7.83455587745793,110.78167115903,24.8357424441524,5,0.308204401158849,0,1,0.0616408802317697,1,0,0,9.2,4.93329344819571,32579,14.5368541399917,2606,2.91076216009192,10.4940635771735,11.9494446572195,74.6457296055151,99.8373454782043,1
"46165","Massanassa","massanassa",9929,907,1675,1820,9.13485748816598,108.65671641791,22.091910004787,4,0.402860308188136,0,1,0.100715077047034,0,0,0,4.19,4.93766757274692,33770,14.036603108786,3112,1.11964171465131,16.4747280870122,5.47024952015355,76.935380678183,100,1
"46166","Meliana","meliana",10881,876,1778,2034,8.05073063137579,114.398200224972,26.6939956595129,4,0.367613270839077,0,1,0.0919033177097693,1,0,0,5.86,5.02842933300216,33625,14.3562592109504,1511,3.70125578321216,29.6100462656973,5.08922670191672,61.5994712491738,99.6720543452799,1
"46168","Miramar","miramar",2831,342,394,573,12.0805369127517,145.431472081218,21.25,1,0.353232073472271,0,0,0,1,0,0,3.84,4.60295062080776,29198,15.134024919431,744,10.3448275862069,10.2122015915119,3.97877984084881,75.4641909814324,99.320882852292,1
"46169","Mislata","mislata",44282,5458,6355,8755,12.325549884829,137.765538945712,12.1167427744845,12,0.270990470168466,0,1,0.0225825391807055,1,1,0.0225825391807055,0,5.76536124464638,32190,17.1939943922352,4351,0.344273582740418,7.09203580445261,9.77736974982786,82.7863208629791,100,1
"46170","Mogente/Moixent","moixent",4365,281,567,926,6.43757159221077,163.31569664903,14.0296180826189,2,0.458190148911798,0,1,0.229095074455899,0,0,0,14.12,2.82661393190881,28582,9.49391006448973,823,19.1515151515152,32.1212121212121,6.78787878787879,41.9393939393939,94.0901111761264,1
"46171","Montcada/Moncada","moncada",21913,2569,3066,4204,11.7236343722904,137.116764514025,21.1237254283612,8,0.365080089444622,0,1,0.0456350111805777,0,0,0,3.25,5.91132761484555,33524,16.9277965345774,6076,1.00312448610426,9.40634764019076,3.99605328071041,85.5944745929946,98.8225499524263,1
"46173","Montaverner","montaverner",1627,70,228,335,4.30239704978488,146.929824561404,15.3146853146853,1,0.614628149969269,6.42,0,0,1,0,0,12.15,2.51414910226386,31143,7.75000204917094,773,1.14503816793893,30.4071246819338,3.68956743002544,64.7582697201018,98.7240829346092,1
"46175","Montitxelvo/Montichelvo","montichelvo",571,74,68,139,12.9597197898424,204.411764705882,14.8076923076923,1,1.75131348511384,15.19,0,0,1,0,0,16.88,2.9,31215,8.91878904372898,94,23.8095238095238,2.85714285714286,2.85714285714286,70.4761904761905,97.8723404255319,1
"46177","Museros","museros",6663,679,1111,1072,10.190604832658,96.4896489648965,22.0901782593499,2,0.30016509079994,1.27,1,0.15008254539997,0,0,0,8.11,5.31168688927716,34006,14.9950579712582,3799,10.9794628751975,14.9552395997894,5.68720379146919,68.378093733544,99.3179234558545,1
"46178","Nàquera/Náquera","naquera",7728,707,1283,908,9.14855072463768,70.771628994544,28.5714285714286,1,0.129399585921325,0,0,0,1,0,0,2.95,5.15086195999907,34082,14.5086188650875,3571,1.64988814317673,39.0939597315436,7.15883668903803,52.0973154362416,93.9374601148692,1
"46179","Navarrés","navarres",2989,475,456,687,15.8916025426564,150.657894736842,11.9467293380337,2,0.669120107059217,0,1,0.334560053529609,0,0,0,19.23,2.12184146763586,27882,7.30567322620481,4549,0.459518599562363,90.9190371991247,0.700218818380744,7.92122538293217,98.0557903634827,1
"46180","Novelé/Novetlè","novetle",861,35,134,158,4.0650406504065,117.910447761194,19.7297297297297,1,1.16144018583043,0,0,0,1,0,0,4.34,3.7,34209,10.38323248268,226,10.7296137339056,23.175965665236,3.86266094420601,62.2317596566524,96.0843373493976,1
"46181","Oliva","oliva",25179,4723,3764,5373,18.7576949044839,142.747077577046,16.7865598251685,10,0.397156360459113,0,1,0.0397156360459113,1,0,0,7.51,3.77455503134512,29390,12.32927128306,8706,18.1828623937514,24.7185848839881,4.47966919365955,52.618883528601,99.4969040247678,1
"46183","Olleria, l'","l'olleria",8355,1269,1238,1653,15.1885098743267,133.521809369952,12.5932062966031,3,0.359066427289048,6.46,1,0.119688809096349,0,0,0,10.91,2.91789438326827,28853,9.70844836910387,2295,1.64859002169197,34.1431670281996,2.12581344902386,62.0824295010846,93.0358757913777,1
"46184","Ontinyent","ontinyent",35946,3890,5279,6947,10.8217882379124,131.596893351013,18.3537155948501,14,0.389473098536694,0,3,0.0834585211150058,0,1,0.0278195070383353,0,3.53836859052687,31543,10.7688991120242,11404,4.27080592826449,24.72156450057,4.51635534508463,66.4912742260809,99.4937250427838,1
"46185","Otos","otos",428,11,50,126,2.57009345794392,252,18.7,1,2.33644859813084,7.21,0,0,1,0,0,14.28,2.9,31210,8.92021787888497,56,19.2307692307692,7.69230769230769,11.5384615384615,61.5384615384615,97.0930232558139,1
"46186","Paiporta","paiporta",26567,1753,4611,4021,6.59841156321753,87.2045109520711,18.9961767582466,8,0.30112545639327,0,1,0.0376406820491587,0,0,0,3.46,5.28419231579435,33011,15.3670734699421,4927,2.81490481976509,23.1875253138923,18.6107735925476,55.3867962737951,99.97113997114,1
"46188","Palmera","palmera",1040,128,197,147,12.3076923076923,74.6192893401015,18.3294663573086,0,0,1.46,0,0,1,0,0,3.93,3.36309907586503,31810,10.1495602415292,158,1.72413793103448,37.3563218390805,5.17241379310345,55.7471264367816,99.2063492063492,1
"46189","Palomar, el","el palomar",566,39,73,115,6.8904593639576,157.534246575342,16.9322709163347,0,0,39.16,0,0,1,0,0,81.4,3,29182,9.86909738880131,227,6.06060606060606,61.038961038961,1.2987012987013,31.6017316017316,93.0232558139535,1
"46190","Paterna","paterna",71880,7314,13854,10550,10.1752921535893,76.1512920456186,28.8513129013901,15,0.208681135225376,0,2,0.0278241513633834,1,0,0,2.22,5.99753008668033,36023,15.9832020742668,44410,0.830875233613294,30.686091283691,4.624980297674,63.8580531850217,99.0890238483188,1
"46192","Petrés","petres",1057,90,166,216,8.51466414380322,130.120481927711,21.2952799121844,1,0.946073793755913,1.56,0,0,1,0,0,10.36,3.45780628491814,33079,10.0350495284665,145,5.80645161290323,5.80645161290323,3.87096774193548,84.5161290322581,99.2857142857143,1
"46193","Picanya","picanya",11665,713,1802,2104,6.11230175739391,116.759156492786,25.4850970194039,4,0.342906129447064,0,1,0.085726532361766,0,0,0,3.91,5.14246324616803,39593,12.4687816440313,3494,9.90269032627361,2.40412135088724,10.7899255867201,76.9032627361191,99.8602050326188,1
"46194","Picassent","picassent",21761,1697,3648,3728,7.79835485501585,102.19298245614,20.8592288662282,9,0.413583934561831,0,1,0.0459537705068701,0,0,0,11.48,4.66205145820773,33009,13.5586337055937,7260,6.07438016528926,31.267217630854,5.45454545454545,57.2038567493113,92.9679922405432,1
"46195","Piles","piles",2882,407,430,511,14.1221374045802,118.837209302326,18.973124749298,1,0.346981263011797,1.87,0,0,1,0,0,5.14,3.78170240924805,28418,12.7751225029141,949,35.7656731757451,2.77492291880781,4.31654676258993,57.1428571428571,99.0251827782291,1
"46196","Pinet","pinet",155,9,11,46,5.80645161290323,418.181818181818,20.7,0,0,7.36,0,0,1,0,0,11.8,3,33600,8.57142857142857,40,13.3333333333333,6.66666666666667,20,60,97.0149253731343,1
"46199","Pobla de Farnals, la","la pobla de farnals",8368,908,1257,1513,10.8508604206501,120.365950676213,23.4225621414914,2,0.239005736137667,0.24,0,0,1,0,0,9.82,6.09836232272998,33031,17.7240405371341,1901,0.47293746715712,6.77877036258539,5.30740935365213,87.4408828166054,99.6631106120157,1
"46202","Pobla de Vallbona, la","la pobla de vallbona",25625,1922,4841,3309,7.50048780487805,68.3536459409213,25.4814739928221,7,0.273170731707317,0.58,1,0.0390243902439024,0,0,0,7.04,5.22706631039512,37543,13.3659634498557,7712,2.78786307053942,36.5923236514523,5.92582987551867,54.6939834024896,96.0217187010546,1
"46200","Pobla del Duc, la","la pobla del duc",2447,378,318,586,15.4474867184307,184.276729559748,15.6944444444444,1,0.408663669799755,13.67,0,0,1,0,0,15.66,2.56534555626093,28469,8.65057337458463,1224,49.7949138638228,5.49630844954881,4.67596390484003,40.0328137817883,97.0225872689938,1
"46203","Pobla Llarga, la","la pobla llarga",4443,291,633,948,6.54962862930452,149.763033175355,15.7648283038502,3,0.675219446320054,3.48,1,0.225073148773351,0,0,0,9.2,2.96693705807547,29942,9.51258959238677,1325,18.5854025583145,4.21369450714823,11.2866817155756,65.9142212189616,98.1797497155859,1
"46197","Polinyà de Xúquer","polinya de xuquer",2493,162,391,487,6.49819494584837,124.552429667519,17.4766355140187,1,0.401123144805455,4.74,0,0,1,0,0,6.26,3.25637128828618,29913,10.4506951384172,292,26.4026402640264,6.93069306930693,3.96039603960396,62.7062706270627,99.1141732283465,1
"46198","Potries","potries",1075,63,110,229,5.86046511627907,208.181818181818,20.4498977505112,1,0.930232558139535,5.14,0,0,1,0,0,6.61,3.2967032967033,30756,10.2901390455039,408,21.3270142180095,7.10900473933649,14.4549763033175,57.1090047393365,98.1651376146789,1
"46205","Puçol","pucol",20191,2495,3283,3549,12.3569907384478,108.102345415778,30.3877175604924,6,0.297162101926601,0,1,0.0495270169877668,1,0,0,12.97,5.4929376193035,38998,13.5217706408825,4697,3.76916524701874,17.9727427597956,4.02470187393526,74.2333901192504,100,1
"46204","Puig de Santa Maria, el","el puig de santa maria",8792,737,1301,1912,8.38262056414923,146.963873943121,27.1421038755602,4,0.454959053685168,0.12,0,0,1,0,0,12.25,5.41483846439221,38259,13.5869858747393,5399,6.1492869049824,32.0429709205408,4.18596036303019,57.6217818114466,98.8452655889146,1
"46101","Quart de les Valls","quart de les valls",1049,68,149,258,6.48236415633937,173.154362416107,19.6936542669584,1,0.953288846520496,0.77,0,0,1,0,0,14.89,2.9,30760,9.05071521456437,68,3.94736842105263,7.89473684210526,7.89473684210526,80.2631578947368,96.4622641509434,1
"46102","Quart de Poblet","quart de poblet",25167,1879,3517,5528,7.46612627647316,157.179414273529,16.4237831535995,9,0.357611157468113,0,1,0.0397345730520126,1,0,0,1.69,5.32363349573383,30190,16.9284138983255,11045,1.9375282933454,20.3349932095971,8.92711634223631,68.8003621548212,99.9305348814131,1
"46103","Quartell","quartell",1683,85,230,473,5.05050505050505,205.652173913043,23.2070365358593,1,0.5941770647653,0,0,0,1,0,0,15.48,3.47850177304964,36733,9.09090382524611,932,11.6827438370847,40.5144694533762,4.28724544480171,43.5155412647374,99.8357963875205,1
"46104","Quatretonda","quatretonda",2143,49,232,592,2.28651423238451,255.172413793103,21.7145790554415,1,0.466635557629491,11.26,0,0,1,0,0,11.6,1.98243924692897,29921,6.36055505180913,303,29.2168674698795,6.32530120481928,6.32530120481928,58.1325301204819,95.5681818181818,1
"46207","Rafelbunyol","rafelbunyol",9381,690,1624,1466,7.35529261272785,90.2709359605911,32.0754716981132,3,0.319795330988168,0,1,0.106598443662723,0,0,0,9.75,5.52297239742841,35151,15.0836491181795,6135,1.8095859145745,37.2839908705575,1.90740136941637,58.9990218454516,99.8869417750141,1
"46208","Rafelcofer","rafelcofer",1386,92,182,311,6.63780663780664,170.879120879121,22.9440789473684,1,0.721500721500722,2.89,0,0,1,0,0,4.52,3.85076183180116,32062,11.5299462245933,305,1.86335403726708,38.1987577639752,6.52173913043478,53.416149068323,99.8158379373849,1
"46209","Rafelguaraf","rafelguaraf",2360,102,312,522,4.32203389830508,167.307692307692,10.8121095627102,1,0.423728813559322,5.2,0,0,1,0,0,6.91,2.89105665598755,29215,9.49996368217713,345,52.5139664804469,6.70391061452514,9.21787709497207,31.5642458100559,93.5195530726257,1
"46211","Real de Gandia, el","el real de gandia",2574,298,393,416,11.5773115773116,105.852417302799,17.1648550724638,3,1.16550116550117,0,0,0,1,0,0,0,3.64040413014294,32461,10.7661130739571,813,6.85434516523868,13.7086903304774,8.32313341493268,71.1138310893513,98.4709480122324,1
"46213","Requena","requena",20058,1658,2907,4336,8.26602851729983,149.157206742346,9.91846993195611,6,0.299132515704457,0,1,0.0498554192840762,0,1,0.0498554192840762,0,3.40159838050605,29904,10.92005900644,6891,25.3373966042664,20.2147728921782,5.09360034828037,49.354230155275,99.4916485112564,1
"46214","Riba-roja de Túria","riba-roja de turia",23050,1814,3897,3197,7.86984815618221,82.0374647164486,24.1340668296659,7,0.303687635574837,0,1,0.0433839479392625,0,0,0,7.69,4.98021919272922,38892,12.2930433637253,19440,0.498868545566756,22.9170952478914,3.20407323595968,73.3799629705822,99.1086485184293,1
"46215","Riola","riola",1793,83,272,350,4.62911321807027,128.676470588235,17.4902470741222,1,0.557724484104852,1.71,0,0,1,0,0,8.93,2.70783304745569,28329,9.17617891756666,281,6.14334470989761,8.19112627986348,19.1126279863481,66.5529010238908,99.5744680851064,1
"46216","Rocafort","rocafort",7603,629,1416,1099,8.27305011179797,77.6129943502825,48.3809219971287,1,0.131527028804419,0,0,0,1,0,0,1.07,6.47543368782379,58173,10.6860851946966,1252,0.948616600790514,2.37154150197628,3.63636363636364,93.0434782608696,96.1059190031153,1
"46217","Rotglà i Corberà","rotgla i corbera",1163,73,151,237,6.27687016337059,156.953642384106,13.9376218323587,1,0.859845227858985,3.04,0,0,1,0,0,4.74,2.97619047619048,31401,9.0988913000951,196,11.4155251141553,15.0684931506849,9.58904109589041,63.9269406392694,95.9459459459459,1
"46218","Ròtova","rotova",1265,84,166,339,6.6403162055336,204.21686746988,17.8094390026714,1,0.790513833992095,6.77,0,0,1,0,0,8.44,3.36561491200666,30477,10.6014053729908,528,3.3271719038817,6.6543438077634,0,90.0184842883549,97.1804511278195,1
"46220","Sagunto/Sagunt","sagunt",68066,8975,10260,14520,13.185731495901,141.520467836257,22.0465890183028,7,0.10284135985661,0,2,0.0293832456733171,1,1,0.0146916228366585,0,4.93430975891001,32610,14.5260268891555,23627,1.84103605891315,13.9961063145421,3.15727103436601,81.0055865921788,99.5803744351194,1
"46221","Salem","salem",411,19,43,100,4.62287104622871,232.558139534884,18.9,0,0,12.55,0,0,1,0,0,19.61,3,30377,9.48085722750765,1052,0.28436018957346,93.7440758293839,0.28436018957346,5.68720379146919,98.159509202454,1
"46903","San Antonio de Benagéber","san antonio de benageber",9874,763,2328,1180,7.72736479643508,50.6872852233677,39.8883696780893,4,0.405104314360948,0,0,0,1,1,0.101276078590237,0,6.2928845064921,52200,11.5731209314797,2127,0.56232427366448,5.29522024367385,5.34208059981256,88.8003748828491,96.4104193138501,1
"46222","Sant Joanet","sant joanet",534,23,90,78,4.30711610486891,86.6666666666667,20.3579418344519,1,1.87265917602996,2.38,0,0,1,0,0,7.52,2.82170215756554,31380,8.63235841702651,302,19.4267515923567,3.5031847133758,14.0127388535032,63.0573248407643,99.492385786802,1
"46223","Sedaví","sedavi",10349,847,1561,2116,8.18436563919219,135.554131966688,16.9775280898876,5,0.483138467484781,0,1,0.0966276934969562,0,0,0,2.2,5.31997655440745,32876,15.5346681233458,1909,0.785340314136126,5.91623036649215,26.3874345549738,66.9109947643979,99.9750561237216,1
"46225","Sellent","sellent",380,20,20,103,5.26315789473684,515,17.8,0,0,5.17,0,0,1,0,0,7.25,3.4,25834,12.6345126577379,43,0,5.26315789473684,31.5789473684211,63.1578947368421,92.6829268292683,1
"46227","Senyera","senyera",1108,28,181,186,2.52707581227437,102.762430939227,14.3468950749465,1,0.902527075812274,0,0,0,1,0,0,6.31,3.28947368421053,31298,10.0897652784271,239,30.5882352941176,14.1176470588235,21.1764705882353,34.1176470588235,100,1
"46229","Siete Aguas","siete aguas",1180,116,121,292,9.83050847457627,241.322314049587,23.1617647058824,1,0.847457627118644,12.35,0,0,1,0,0,15.21,3.26060867895545,27465,11.3969937440278,176,4.71204188481675,19.8952879581152,4.71204188481675,70.6806282722513,94.3462897526502,1
"46230","Silla","silla",19298,2062,3006,3696,10.685045082392,122.954091816367,18.1239219848746,8,0.414550730645663,0,1,0.0518188413307078,0,0,0,9.44,4.67956926160442,31775,14.1381164158623,7084,2.21501128668172,34.5090293453725,6.63092550790068,56.6450338600451,99.9732691793638,1
"46231","Simat de la Valldigna","simat de la valldigna",3271,491,408,771,15.0107000917151,188.970588235294,15.176430284344,1,0.30571690614491,0,0,0,1,0,0,6.25,2.98639226270806,29718,9.64713834107185,600,32.6797385620915,1.47058823529412,3.92156862745098,61.9281045751634,91.6986933128363,1
"46232","Sinarcas","sinarcas",1135,136,124,288,11.9823788546255,232.258064516129,13.6229022704837,1,0.881057268722467,17.88,0,0,1,0,0,29.94,2.53340274162762,28409,8.56090193939426,496,56.9744597249509,4.12573673870334,1.17878192534381,37.721021611002,100,1
"46233","Sollana","sollana",4915,442,677,972,8.99287894201424,143.57459379616,13.4440028057049,1,0.203458799593082,3.85,0,0,1,0,0,13.59,3.61599446336612,31725,10.9420163430464,5025,30.547263681592,21.3532338308458,1.61194029850746,46.4875621890547,99.6444895886237,1
"46234","Sot de Chera","sot de chera",384,13,33,92,3.38541666666667,278.787878787879,16.3,0,0,11.83,0,0,1,0,0,21.71,2.9,24842,11.2068271475727,151,5.42168674698795,0,16.2650602409639,78.3132530120482,96.2962962962963,1
"46235","Sueca","sueca",27738,2390,3961,5779,8.61633859687072,145.897500631154,20.7004018699254,9,0.324464633354964,0,1,0.0360516259283294,1,0,0,11.02,3.87421860220962,31378,11.8530494554186,6711,8.58292355833706,17.7916852928029,4.54477723141112,69.080613917449,99.9476987447699,1
"46236","Sumacàrcer","sumacarcer",1054,41,101,284,3.8899430740038,281.188118811881,15.8926728586171,0,0,3.74,0,0,1,0,0,14.34,2.7,27740,9.34390771449171,73,6.31578947368421,9.47368421052632,15.7894736842105,68.4210526315789,99.3318485523385,1
"46237","Tavernes Blanques","tavernes blanques",9222,686,1299,1768,7.43873346345695,136.104695919938,16.7227414330218,3,0.325309043591412,0,1,0.108436347863804,0,0,0,3.45,4.77184583542994,31960,14.3334543241951,720,0.829875518672199,14.7994467496542,24.4813278008299,59.8893499308437,100,1
"46238","Tavernes de la Valldigna","tavernes de la valldigna",17222,1519,2501,3640,8.8201138079201,145.541783286685,19.662017167382,8,0.464522122866102,4.82,1,0.0580652653582627,1,0,0,7.79,3.09007274167849,30581,9.70036896115676,3709,18.824163969795,10.302049622438,5.01618122977346,65.8576051779935,99.6107266435986,1
"46240","Terrateig","terrateig",287,58,25,81,20.2090592334495,324,20.7,0,0,13.54,0,0,1,0,0,15.24,3.1,31673,9.39601553373536,36,15.2542372881356,15.2542372881356,25.4237288135593,44.0677966101695,92.0353982300885,1
"46243","Torrella","torrella",134,1,19,40,0.746268656716418,210.526315789474,20.1,0,0,2.26,0,0,1,0,0,5.67,4.1,30002,13.1191253916406,24,10,0,30,60,100,1
"46244","Torrent","torrent",85142,9988,14637,14023,11.7309905804421,95.8051513288242,19.1396255959288,21,0.246646778323272,0,3,0.0352352540461817,1,0,0,5.91,5.52196085099532,33314,15.9124764872291,13515,0.61408700799053,19.9319325244155,9.80319621189701,69.6507842556969,98.3707446636219,1
"46246","Tous","tous",1312,26,193,306,1.98170731707317,158.549222797927,17.1052631578947,1,0.76219512195122,0,0,0,1,0,0,14.12,2.61904761904762,32801,7.66527152917812,165,3.40909090909091,5.11363636363636,1.70454545454545,89.7727272727273,100,1
"46249","Utiel","utiel",11482,869,1509,2827,7.56836788016025,187.342611000663,17.6613885505481,5,0.435464204842362,0,1,0.0870928409684724,0,0,0,13.42,3.48272727850787,28348,11.7941942548594,3596,27.6341395607451,20.8507089241034,3.50291909924937,48.0122324159021,98.5507246376812,1
"46250","València","valencia",792492,114336,108365,170609,14.4274011598855,157.439210077054,43.1813944469718,181,0.228393472741681,0,33,0.0416407988976545,1,14,0.0176657934717322,0,6.95835811656391,37596,17.7679109264319,398138,7.99069669310641,3.23455686219351,3.9687244121385,84.8060220325616,99.9795769330742,1
"46254","Venta del Moro","venta del moro",1180,145,99,391,12.2881355932203,394.949494949495,10.2470265324794,1,0.847457627118644,6.23,0,0,1,0,0,22.79,2.72184943595074,22319,11.7074038196725,433,42.8256070640177,16.1147902869757,4.63576158940397,36.4238410596026,94.1068139963168,1
"46255","Vilallonga/Villalonga","villalonga",4555,524,664,893,11.5038419319429,134.487951807229,15.0556680161943,3,0.658616904500549,8.57,1,0.21953896816685,0,0,0,10.08,3.29717923730321,29923,10.5781240778367,2025,5.71428571428571,39.9507389162562,6.10837438423645,48.2266009852217,93.2740411339633,1
"46258","Villar del Arzobispo","villar del arzobispo",3581,449,482,889,12.5383970957833,184.439834024896,24.8960739030023,2,0.558503211393465,12.81,1,0.279251605696733,0,0,0,20.56,3.20050242321852,29058,10.5736194035714,566,9.29432013769363,12.9087779690189,6.02409638554217,71.7728055077453,94.0620782726046,1
"46259","Villargordo del Cabriel","villargordo del cabriel",602,48,76,180,7.9734219269103,236.842105263158,11.2570356472795,0,0,8.68,0,0,1,0,0,30.55,2.9,25702,10.8318418800093,137,43.7908496732026,13.0718954248366,0,43.1372549019608,97.3584905660377,1
"46260","Vinalesa","vinalesa",3525,149,632,594,4.22695035460993,93.9873417721519,27.5151924375422,2,0.567375886524823,1.96,0,0,1,0,0,4.32,5.2242466073841,34770,14.4241493905342,544,1.62162162162162,15.8558558558559,19.8198198198198,62.7027027027027,100,1
"46145","Xàtiva","xativa",29637,3206,4288,5553,10.8175591321659,129.500932835821,24.7651651150169,10,0.337416067753146,0,1,0.0337416067753146,1,1,0.0337416067753146,0,3.99612926678211,31986,11.9936350156657,7709,4.31962641068881,9.75483201452847,6.65455960565573,79.270981969127,98.9278176445758,1
"46143","Xeraco","xeraco",5819,768,781,1112,13.1981440109985,142.381562099872,14.4514353126229,2,0.343701666953085,7.9,0,0,1,0,0,7.54,3.62568295007584,28652,12.1480372472177,4028,4.77841049764793,0.717999504827928,0.916068333745977,93.5875216637782,94.37156157427,1
"46146","Xeresa","xeresa",2244,190,388,423,8.46702317290553,109.020618556701,20.5018686599039,1,0.445632798573975,5.57,0,0,1,0,0,5.48,3.20548946068422,34134,9.01526302881834,1388,44.8424068767908,2.36389684813754,3.93982808022923,48.8538681948424,95.2380952380952,1
"46110","Xirivella","xirivella",30326,4667,4582,5484,15.3894348084152,119.685726756875,16.4683444587255,9,0.296775044516257,0,1,0.0329750049462507,1,0,0,2.34,5.15000460464699,29728,16.6308006608622,4361,0.548571428571429,14.2628571428571,9.16571428571429,76.0228571428571,99.9914828379184,1
"46261","Yátova","yatova",2169,107,253,492,4.93314891655141,194.466403162055,15.5154639175258,1,0.461041954817888,0,0,0,1,0,0,26.79,3.20007216344548,29975,10.2487715659972,237,6.22568093385214,9.33852140077821,11.6731517509728,72.7626459143969,94.9023861171367,1
