"cod_municipio","nombre_municipio","nombre_municipio_norm","pob_total","pob_extranjera","pob_menor_16","pob_mayor_65","pct_extranjeros","indice_envejecimiento","pct_estudios_sup","num_colegios","ratio_colegios","distancia_centro_educativo","num_centros_salud","ratio_centros_salud","consultorio_local","num_hospitales","ratio_hospital","distancia_hospital","precio_m2_alquiler","renta_media_hogar","esfuerzo_alquiler","contratos_total","pct_contratos_agricultura","pct_contratos_industria","pct_contratos_construccion","pct_contratos_servicios","pct_hogares_100mbps","internet_100mbps_mayor90"
"48001","Abadiño","abadino",7708,477,1241,1646,6.18837571354437,132.634971796938,20.7022900763359,0,0,0,1,0.129735339906591,1,0,0,5.04,8,41817,18.3657364229859,2646,0,12.1693121693122,4.53514739229025,83.2955404383976,73.9228295819936,0
"48002","Abanto y Ciérvana-Abanto Zierbena","abanto y ciervana-abanto zierbena",9369,290,1197,1887,3.09531433450742,157.644110275689,21.5869474271371,0,0,0.47,0,0,0,0,0,4.04,8.7,37902,22.0357764761754,2882,0.173490631505899,12.0749479528105,8.32755031228314,79.4240111034004,80.1131978389503,0
"48911","Ajangiz","ajangiz",480,9,68,119,1.875,175,NA,0,0,1.58,0,0,0,0,0,13.82,NA,53245,NA,100,5,20,0,75,93.75,1
"48912","Alonsotegi","alonsotegi",2960,209,425,656,7.06081081081081,154.352941176471,19.7742312183729,1,0.337837837837838,0,0,0,1,0,0,3.78,NA,34934,NA,395,11.3924050632911,26.8354430379747,14.1772151898734,47.5949367088608,66.2754303599374,0
"48003","Amorebieta-Etxano","amorebieta-etxano",19587,2054,3052,4023,10.4865471996733,131.815203145478,30.135231316726,0,0,0,0,0,0,0,0,8.85,8,42273,18.1676247250018,7118,0.871031188536106,12.3068277606069,5.26833380162967,81.5538072492273,97.8594812389826,1
"48004","Amoroto","amoroto",398,13,52,84,3.26633165829146,161.538461538462,NA,0,0,3.76,0,0,1,0,0,17.93,NA,46992,NA,135,0,34.8148148148148,11.1111111111111,54.0740740740741,79.3103448275862,0
"48005","Arakaldo","arakaldo",158,8,28,21,5.06329113924051,75,NA,0,0,0,0,0,0,0,0,0,NA,45341,NA,70,0,28.5714285714286,14.2857142857143,57.1428571428571,100,1
"48006","Arantzazu","arantzazu",401,35,64,83,8.7281795511222,129.6875,NA,0,0,1,0,0,1,0,0,7.76,NA,45778,NA,91,0,16.4835164835165,5.49450549450549,78.021978021978,82.051282051282,0
"48093","Areatza","areatza",1249,149,210,234,11.9295436349079,111.428571428571,25.6434699714013,1,0.800640512409928,0,0,0,1,0,0,12.02,NA,37075,NA,236,20.7627118644068,22.8813559322034,4.23728813559322,52.1186440677966,89.7637795275591,0
"48009","Arrankudiaga","arrankudiaga",1008,25,181,193,2.48015873015873,106.629834254144,30.6413301662708,0,0,4.68,0,0,1,0,0,9.47,NA,49002,NA,243,6.17283950617284,21.8106995884774,16.8724279835391,55.1440329218107,82.7225130890052,0
"48914","Arratzu","arratzu",432,19,72,112,4.39814814814815,155.555555555556,NA,0,0,1.09,0,0,0,0,0,13.12,NA,52800,NA,149,34.2281879194631,24.1610738255034,3.35570469798658,38.255033557047,82.2368421052632,0
"48010","Arrieta","arrieta",576,22,65,114,3.81944444444444,175.384615384615,35.2713178294574,0,0,6.25,0,0,1,0,0,9,NA,50495,NA,167,26.9461077844311,26.9461077844311,2.9940119760479,43.1137724550898,63.7931034482759,0
"48011","Arrigorriaga","arrigorriaga",11954,624,1684,2309,5.22001003848084,137.114014251781,24.1614608361365,2,0.167308014053873,0,1,0.0836540070269366,0,0,0,5.95,8,39192,19.5958358848745,2614,0,14.9579188982402,11.4766641162969,73.5654169854629,85.1515776448752,0
"48023","Artea","artea",746,36,119,173,4.82573726541555,145.378151260504,36.7762128325509,0,0,0,0,0,1,0,0,10.39,NA,47782,NA,392,1.27551020408163,23.7244897959184,8.92857142857143,66.0714285714286,94.1580756013746,1
"48008","Artzentales","artzentales",720,15,88,178,2.08333333333333,202.272727272727,19.8728139904611,0,0,1.27,0,0,1,0,0,17.85,NA,36083,NA,444,3.37837837837838,4.5045045045045,5.63063063063063,86.4864864864865,74.6527777777778,0
"48091","Atxondo","atxondo",1372,77,180,340,5.61224489795918,188.888888888889,19.76647206005,0,0,3.02,0,0,0,0,0,5.13,NA,44817,NA,477,1.0482180293501,17.6100628930818,13.2075471698113,68.1341719077568,55.1789077212806,0
"48070","Aulesti","aulesti",655,26,93,179,3.96946564885496,192.47311827957,23.1578947368421,1,1.52671755725191,0,0,0,1,0,0,14.26,NA,41938,NA,129,3.87596899224806,31.0077519379845,11.6279069767442,53.4883720930233,84.6153846153846,0
"48012","Bakio","bakio",2812,146,450,516,5.19203413940256,114.666666666667,41.2379757423672,0,0,6.45,0,0,1,0,0,7.52,NA,41372,NA,1300,6.69230769230769,9.69230769230769,2.30769230769231,81.3076923076923,93.8403041825095,1
"48090","Balmaseda","balmaseda",7636,558,1107,1838,7.3074908328968,166.034327009937,19.1014623850445,5,0.654793085385018,0,1,0.130958617077004,0,0,0,19.78,7.5,34010,21.1702440458689,1098,0.910746812386157,8.01457194899818,6.64845173041894,84.4262295081967,80.0318979266348,0
"48013","Barakaldo","barakaldo",100535,8611,13773,23644,8.56517630675884,171.669207870471,20.7096472306867,0,0,0,7,0.0696274929129159,1,2,0.0198935694036903,0,10.4,35118,28.4298650264821,23550,0.148619957537155,9.05307855626327,4.08917197452229,86.7091295116773,98.9281663078455,1
"48014","Barrika","barrika",1547,83,209,350,5.36522301228184,167.464114832536,42.9315476190476,0,0,2.81,0,0,1,0,0,2.84,NA,52937,NA,637,0.784929356357928,10.5180533751962,4.70957613814757,83.9874411302983,89.0681003584229,0
"48015","Basauri","basauri",40324,3088,4613,11123,7.65797043944053,241.122913505311,16.7138731533933,0,0,0.68,3,0.0743973812121813,1,0,0,3.97,9.7,33997,27.3906521163632,9109,0.757492589746405,12.9432429465364,7.50905697661653,78.7902074871007,95.8235192738554,1
"48092","Bedia","bedia",1102,67,143,229,6.07985480943739,160.13986013986,23.0690010298661,0,0,2.11,0,0,1,0,0,2.13,NA,42118,NA,432,0,21.2962962962963,18.287037037037,60.4166666666667,80.3532008830022,0
"48016","Berango","berango",7347,261,1253,1303,3.55247039608003,103.990422984836,39.2689632864305,1,0.136109976861304,0,0,0,1,0,0,3.58,10.8,52584,19.7170241898676,1813,0.827357970215113,14.4511858797573,8.99062327633756,75.73083287369,99.3179234558545,1
"48017","Bermeo","bermeo",16755,1509,2295,4005,9.00626678603402,174.509803921569,20.5956864087641,4,0.238734706057893,0,1,0.0596836765144733,0,1,0.0596836765144733,0,7,36384,18.4696569920844,3159,5.76131687242798,11.744222855334,3.45045900601456,79.0440012662235,99.1432068543452,1
"48018","Berriatua","berriatua",1220,171,197,278,14.016393442623,141.116751269036,19.3236714975845,0,0,0.48,0,0,1,0,0,17.26,NA,44415,NA,318,14.1509433962264,18.2389937106918,17.2955974842767,50.314465408805,79.9554565701559,0
"48019","Berriz","berriz",4535,396,721,1006,8.73208379272326,139.528432732316,19.5556703694136,0,0,3.32,0,0,1,0,0,1.95,NA,42155,NA,854,0,14.2857142857143,16.9789227166276,68.7353629976581,98.5244040862656,1
"48020","Bilbao","bilbao",344127,34401,41610,84842,9.99660009240774,203.898101417928,32.6753507671904,100,0.290590392500443,0,21,0.0610239824250931,1,10,0.0290590392500443,0,11.8,40886,27.7063053367901,156935,0.119794819511263,9.12161085799853,3.00697741103004,87.7516169114602,99.3430128986458,1
"48021","Busturia","busturia",1667,91,229,458,5.45890821835633,200,28.2849239280775,0,0,0,0,0,1,0,0,4.9,NA,38393,NA,386,2.59067357512953,11.6580310880829,5.44041450777202,80.3108808290155,62.589928057554,0
"48901","Derio","derio",6819,263,1189,1250,3.85687050887227,105.130361648444,25.2236449745659,0,0,0,1,0.146649068778413,0,0,0,2.57,8.9,41572,20.552294813817,10966,0.319168338500821,10.3501732628123,7.31351449936166,82.0171438993252,99.7154037709,1
"48026","Dima","dima",1454,47,221,274,3.23246217331499,123.981900452489,30.7939053728949,0,0,2.84,0,0,1,0,0,10.48,NA,46515,NA,356,0,13.7640449438202,11.2359550561798,75,86.426116838488,0
"48027","Durango","durango",29609,2434,4417,5818,8.22047350467763,131.718360878424,29.2442840895721,11,0.371508662906549,0,1,0.0337735148096862,0,0,0,6.8,8.9,45065,18.9592810384999,7923,0.605831124574025,8.24182759055913,5.73015271992932,85.4221885649375,99.949460916442,1
"48028","Ea","ea",824,51,91,234,6.18932038834951,257.142857142857,37.8196500672948,0,0,0,0,0,1,0,0,12.12,NA,35931,NA,164,0,21.3414634146341,36.5853658536585,42.0731707317073,78.7878787878788,0
"48031","Elantxobe","elantxobe",349,16,37,113,4.58452722063037,305.405405405405,NA,0,0,3.3,0,0,1,0,0,7.02,NA,29865,NA,85,5.88235294117647,29.4117647058824,11.7647058823529,52.9411764705882,81.2154696132597,0
"48032","Elorrio","elorrio",7309,497,1087,1695,6.79983581885347,155.933762649494,24.1768729123588,3,0.410452866329183,0,0,0,1,0,0,4.25,7,43692,15.3803900027465,3459,1.67678519803411,10.8123735183579,3.35357039606823,84.1572708875398,97.2164948453608,1
"48902","Erandio","erandio",24446,1865,3408,5516,7.62905996891107,161.854460093897,17.8029413146643,0,0,0,1,0.0409064877689602,1,1,0.0409064877689602,0,9.9,34959,27.1861323264395,14422,0.208015531826376,11.7944806545555,5.96311191235612,82.034391901262,98.4032938341032,1
"48033","Ereño","ereno",267,17,34,80,6.36704119850187,235.294117647059,NA,0,0,2.71,0,0,1,0,0,11.74,NA,44893,NA,163,0,15.3374233128834,0,84.6625766871166,57.2727272727273,0
"48034","Ermua","ermua",15589,1173,2020,4050,7.52453653217012,200.49504950495,16.7153284671533,6,0.384886779139137,0,1,0.0641477965231894,0,0,0,4.32,7.9,37600,20.1702127659574,1636,0.611246943765281,12.8973105134474,7.51833740831296,78.9731051344743,96.8089887640449,1
"48079","Errigoiti","errigoiti",504,20,73,123,3.96825396825397,168.493150684932,NA,0,0,3.53,0,0,1,0,0,11.04,NA,41136,NA,116,4.31034482758621,21.551724137931,38.7931034482759,35.3448275862069,67.3267326732673,0
"48029","Etxebarri","etxebarri",11780,347,2340,1771,2.94567062818336,75.6837606837607,23.9465999165624,0,0,0.74,1,0.0848896434634975,0,0,0,2.2,9.6,42401,21.7353364307446,2325,0.21505376344086,16.6021505376344,12.3010752688172,70.8817204301075,97.2683566433566,1
"48030","Etxebarria","etxebarria",787,98,109,185,12.4523506988564,169.724770642202,19.941348973607,0,0,0.24,0,0,1,0,0,11.23,NA,44562,NA,223,29.5964125560538,20.627802690583,6.72645739910314,43.0493273542601,85.5737704918033,0
"48906","Forua","forua",910,54,112,240,5.93406593406593,214.285714285714,28.1444582814446,0,0,1.91,0,0,1,0,0,10.08,NA,43108,NA,468,1.06837606837607,4.27350427350427,2.13675213675214,92.5213675213675,89.2857142857143,0
"48035","Fruiz","fruiz",550,23,100,98,4.18181818181818,98,30.6345733041575,0,0,5.62,0,0,1,0,0,7.08,NA,45839,NA,102,0,14.7058823529412,24.5098039215686,60.7843137254902,78.6046511627907,0
"48036","Galdakao","galdakao",29285,1267,3810,6890,4.32644698651187,180.839895013123,28.0728964715006,0,0,0,1,0.0341471743213249,1,1,0.0341471743213249,0,8.8,41951,20.1377797907082,7767,0.862623921720098,11.0724861593923,6.66924166344792,81.3956482554397,98.4057263705873,1
"48037","Galdames","galdames",837,14,114,207,1.6726403823178,181.578947368421,22.9080932784636,0,0,5.19,0,0,1,0,0,9.7,NA,36718,NA,173,7.51445086705202,32.3699421965318,17.3410404624277,42.7745664739884,72.2371967654987,0
"48038","Gamiz-Fika","gamiz-fika",1391,37,170,299,2.65995686556434,175.882352941176,34.718826405868,0,0,4.51,0,0,1,0,0,3.58,NA,58037,NA,289,19.3771626297578,13.840830449827,1.73010380622837,65.0519031141868,55.4852320675106,0
"48039","Garai","garai",334,5,57,56,1.49700598802395,98.2456140350877,NA,2,5.98802395209581,0,0,0,0,0,0,5.78,NA,69098,NA,126,0,27.7777777777778,3.96825396825397,68.2539682539683,80,0
"48040","Gatika","gatika",1642,38,263,351,2.3142509135201,133.460076045627,30.5060584461867,0,0,2.63,0,0,1,0,0,6.4,NA,49964,NA,542,9.40959409594096,9.59409594095941,5.53505535055351,75.4612546125461,86.8824531516184,0
"48041","Gautegiz Arteaga","gautegiz arteaga",866,42,109,187,4.84988452655889,171.559633027523,41.7322834645669,0,0,1.57,0,0,0,0,0,8.32,NA,49289,NA,405,3.7037037037037,4.93827160493827,2.46913580246914,88.8888888888889,82.2102425876011,0
"48046","Gernika-Lumo","gernika-lumo",16855,1854,2597,4022,10.999703352121,154.871005005776,30.3038693154288,6,0.355977454761198,0,0,0,0,0,0,12.56,7,40556,16.5696814281487,3118,4.0410519563823,10.5837075048108,4.20141116100064,81.1738293778063,97.1863336204421,1
"48044","Getxo","getxo",76365,4967,9910,20568,6.5042886138938,207.547931382442,41.7129262490087,0,0,0.17,0,0,0,0,0,3.29,11.6,56823,19.5976981151998,17021,0.552258974208331,8.38963633159039,2.16791022854121,88.8901944656601,98.360924977007,1
"48047","Gizaburuaga","gizaburuaga",192,26,33,28,13.5416666666667,84.8484848484848,NA,0,0,3.38,0,0,1,0,0,17.99,NA,50054,NA,152,26.3157894736842,26.3157894736842,6.57894736842105,40.7894736842105,68.0555555555556,0
"48042","Gordexola","gordexola",1711,73,226,363,4.26651081239041,160.619469026549,27.9920212765957,0,0,2.97,0,0,1,0,0,13.55,NA,47563,NA,1216,2.87828947368421,7.73026315789474,3.28947368421053,86.1019736842105,89.1691394658754,0
"48043","Gorliz","gorliz",6031,291,906,1202,4.82507046924225,132.671081677704,41.6923076923077,0,0,0.59,1,0.165809981760902,0,1,0.165809981760902,0,8.9,45557,18.754527295476,929,1.07642626480086,11.194833153929,3.22927879440258,84.4994617868676,99.68,1
"48045","Güeñes","guenes",6737,460,1006,1360,6.82796496957102,135.188866799205,20.552677029361,1,0.148434021077631,0,0,0,1,0,0,12.17,7.5,36142,19.921421061369,1486,2.96096904441454,8.61372812920592,3.83580080753701,84.5895020188425,96.0979070592409,1
"48048","Ibarrangelu","ibarrangelu",680,24,69,161,3.52941176470588,233.333333333333,46.839546191248,0,0,1.9,0,0,1,0,0,8.11,NA,42569,NA,263,1.90114068441065,21.6730038022814,1.90114068441065,74.5247148288973,90.6158357771261,1
"48094","Igorre","igorre",4330,580,745,929,13.3949191685912,124.697986577181,28.4347493302717,0,0,0.45,1,0.23094688221709,0,0,0,7.35,NA,39302,NA,511,9.00195694716243,23.091976516634,16.4383561643836,51.46771037182,89.8869720404521,0
"48049","Ispaster","ispaster",731,31,131,169,4.24076607387141,129.007633587786,29.4788273615635,0,0,0,0,0,1,0,0,15.71,NA,41013,NA,103,0,14.5631067961165,9.70873786407767,75.7281553398058,80.4878048780488,0
"48910","Iurreta","iurreta",3695,400,526,889,10.8254397834912,169.011406844106,17.0053141606752,1,0.27063599458728,0.42,0,0,1,0,0,6.89,NA,39158,NA,1261,3.80650277557494,16.4155432196669,6.89928628072958,72.8786677240285,98.1233243967828,1
"48050","Izurtza","izurtza",210,7,29,51,3.33333333333333,175.862068965517,NA,0,0,1.34,0,0,1,0,0,7.46,NA,49882,NA,144,10.4166666666667,27.7777777777778,3.47222222222222,58.3333333333333,90.4761904761905,1
"48022","Karrantza Harana/Valle de Carranza","valle de carranza",2712,142,291,747,5.23598820058997,256.701030927835,13.9506172839506,0,0,0.11,0,0,1,0,0,29.31,NA,30280,NA,381,12.0734908136483,16.5354330708661,6.56167979002625,64.8293963254593,68.8380281690141,0
"48907","Kortezubi","kortezubi",441,14,80,91,3.17460317460317,113.75,NA,1,2.26757369614512,1.54,0,0,0,0,0,10.6,NA,46121,NA,284,15.8450704225352,7.04225352112676,0,77.112676056338,86.5853658536585,0
"48051","Lanestosa","lanestosa",261,11,24,72,4.21455938697318,300,NA,0,0,6.31,0,0,1,0,0,35.52,NA,28347,NA,460,0,1.08695652173913,0,98.9130434782609,77.3584905660377,0
"48052","Larrabetzu","larrabetzu",2049,80,358,384,3.90434358223524,107.262569832402,37.7259475218659,0,0,0.1,0,0,1,0,0,4.54,NA,45227,NA,1642,6.57734470158343,8.7088915956151,2.74056029232643,81.973203410475,87.0392390011891,0
"48053","Laukiz","laukiz",1227,46,192,242,3.74898125509372,126.041666666667,43.0754536771729,0,0,0.18,0,0,1,0,0,4.46,NA,62737,NA,248,2.01612903225806,20.1612903225806,22.5806451612903,55.241935483871,71.7444717444718,0
"48054","Leioa","leioa",32172,1883,4920,6646,5.85291557876414,135.081300813008,33.8437477267768,0,0,0.16,1,0.031082929255253,0,0,0,2.56,10.7,44422,23.1236774571158,14147,0.0706863646002686,8.34805965929172,3.46363186541316,88.1176221106949,98.3765729377039,1
"48057","Lekeitio","lekeitio",7178,460,921,1879,6.4084703259961,204.017372421281,29.1772151898734,2,0.278629144608526,0,1,0.139314572304263,0,0,0,18.74,7.2,37812,18.2799111393209,1328,4.44277108433735,8.65963855421687,4.21686746987952,82.6807228915663,98.0099502487562,1
"48055","Lemoa","lemoa",3530,359,618,611,10.1699716713881,98.8673139158576,20.9737827715356,0,0,3.52,0,0,1,0,0,3.53,NA,38894,NA,1634,1.22399020807834,10.8935128518972,10.6487148102815,77.233782129743,74.982674982675,0
"48056","Lemoiz","lemoiz",1314,39,222,204,2.96803652968037,91.8918918918919,37.9873073436083,0,0,0.09,0,0,1,0,0,3.4,NA,41443,NA,163,3.06748466257669,34.3558282208589,9.8159509202454,52.760736196319,74.9559082892416,0
"48081","Lezama","lezama",2477,131,391,519,5.28865563181268,132.736572890026,33.9971550497866,0,0,0.09,0,0,1,0,0,2.56,NA,51018,NA,821,21.5590742996346,10.5968331303289,7.79537149817296,60.0487210718636,82.1932681867535,0
"48903","Loiu","loiu",2318,173,326,494,7.46333045729077,151.533742331288,37.9601990049751,0,0,2.16,0,0,1,0,0,3.07,NA,53009,NA,3427,0.145900204260286,12.6641377297928,6.21534870148818,80.9746133644587,89.3848009650181,0
"48058","Mallabia","mallabia",1185,61,172,286,5.14767932489451,166.279069767442,21.5127701375246,1,0.843881856540084,1.65,0,0,1,0,0,2.86,NA,51482,NA,437,1.1441647597254,27.9176201372998,6.8649885583524,64.0732265446224,82.9545454545455,0
"48059","Mañaria","manaria",530,30,96,119,5.66037735849057,123.958333333333,23.4624145785877,0,0,3.68,0,0,1,0,0,9.61,NA,43671,NA,80,0,18.75,6.25,75,75.8454106280193,0
"48060","Markina-Xemein","markina-xemein",5042,605,854,1125,11.9992066640222,131.733021077283,27.7328541479485,5,0.991669972233241,0,1,0.198333994446648,0,0,0,11.81,6.4,42785,14.3601729578123,1186,2.52951096121417,8.26306913996627,6.32377740303541,82.8836424957841,76.7185148018063,0
"48061","Maruri-Jatabe","maruri-jatabe",1036,30,153,213,2.8957528957529,139.21568627451,41.834451901566,0,0,3.29,0,0,0,0,0,6.93,NA,56743,NA,262,1.90839694656489,11.8320610687023,20.2290076335878,66.030534351145,78.1578947368421,0
"48062","Mendata","mendata",393,14,58,93,3.56234096692112,160.344827586207,NA,0,0,4.49,0,0,1,0,0,14.67,NA,45001,NA,65,15.3846153846154,23.0769230769231,0,61.5384615384615,68.8405797101449,0
"48063","Mendexa","mendexa",425,20,53,98,4.70588235294118,184.905660377358,NA,0,0,1.9,0,0,1,0,0,20.57,NA,40965,NA,141,21.2765957446809,17.7304964539007,3.54609929078014,57.4468085106383,71.3483146067416,0
"48064","Meñaka","menaka",751,14,114,198,1.8641810918775,173.684210526316,30.6501547987616,0,0,3.59,0,0,1,0,0,9.1,NA,51716,NA,133,7.5187969924812,22.5563909774436,3.7593984962406,66.1654135338346,72.0930232558139,0
"48066","Morga","morga",422,15,45,115,3.55450236966825,255.555555555556,NA,0,0,5.64,0,0,1,0,0,8.42,NA,44972,NA,105,9.52380952380952,28.5714285714286,4.76190476190476,57.1428571428571,68.3908045977011,0
"48068","Mundaka","mundaka",1866,67,246,503,3.59056806002144,204.471544715447,38.4239462431277,1,0.535905680600214,0,0,0,1,0,0,2.52,NA,40706,NA,980,0,8.6734693877551,4.59183673469388,86.734693877551,74.2990654205608,0
"48069","Mungia","mungia",17662,1414,2979,3166,8.00588834786547,106.277274253105,38.7226786544722,4,0.226474917902842,0,1,0.0566187294757106,0,0,0,7.09,8.8,49367,17.1126460996212,5173,1.33384883046588,11.598685482312,6.1859655905664,80.8815000966557,82.389289392379,0
"48007","Munitibar-Arbatzegi Gerrikaitz","munitibar-arbatzegi gerrikaitz",473,22,54,96,4.65116279069767,177.777777777778,NA,0,0,0,0,0,0,0,0,10.47,NA,37015,NA,144,6.94444444444444,17.3611111111111,0,75.6944444444444,80.8743169398907,0
"48908","Murueta","murueta",327,8,43,58,2.44648318042813,134.883720930233,NA,0,0,2.13,0,0,1,0,0,8.43,NA,53664,NA,98,5.10204081632653,30.6122448979592,10.2040816326531,54.0816326530612,89.1666666666667,0
"48071","Muskiz","muskiz",7367,284,1045,1522,3.85502918419981,145.645933014354,24.3769470404984,0,0,0.29,0,0,1,0,0,7.96,8.3,39323,20.2629504361315,2235,1.56599552572707,9.57494407158837,23.9373601789709,64.9217002237137,89.9251191286589,0
"48067","Muxika","muxika",1483,65,242,316,4.38300741739717,130.578512396694,30.197628458498,0,0,3.17,0,0,1,0,0,11.73,NA,47016,NA,290,16.2068965517241,28.2758620689655,12.0689655172414,43.448275862069,81.7005545286506,0
"48909","Nabarniz","nabarniz",261,9,39,61,3.44827586206897,156.410256410256,NA,0,0,3.44,0,0,1,0,0,15.87,NA,41243,NA,35,0,14.2857142857143,42.8571428571429,42.8571428571429,85.8490566037736,0
"48073","Ondarroa","ondarroa",8246,548,969,2201,6.64564637399952,227.141382868937,22.0801767676768,4,0.485083676934271,0,1,0.121270919233568,0,0,0,19.98,7.3,37793,18.5431164501363,1876,22.1748400852878,14.5522388059702,2.39872068230277,60.8742004264392,70.4984154422357,0
"48075","Orozko","orozko",2664,151,371,536,5.66816816816817,144.474393530997,26.8502581755594,0,0,0.19,0,0,1,0,0,15.06,NA,42292,NA,501,13.5728542914172,14.3712574850299,6.98602794411178,65.0698602794411,74.1521539871677,0
"48083","Ortuella","ortuella",8466,402,1107,1949,4.74840538625089,176.061427280939,18.2319571383549,3,0.354358610914245,0,1,0.118119536971415,0,0,0,2.85,8.8,34059,24.8040165594997,1763,0,20.3062960862167,13.2161089052751,66.4775950085082,95.0374272248406,1
"48072","Otxandio","otxandio",1336,144,238,295,10.7784431137725,123.949579831933,22.1014492753623,1,0.748502994011976,0,0,0,1,0,0,16.51,NA,39334,NA,138,0,25.3623188405797,3.6231884057971,71.0144927536232,71.4788732394366,0
"48077","Plentzia","plentzia",4376,282,597,858,6.44424131627057,143.718592964824,43.7418343349882,0,0,1.6,0,0,1,0,0,1.45,NA,45540,NA,778,0,15.2956298200514,5.1413881748072,79.5629820051414,96.7723669309173,1
"48078","Portugalete","portugalete",44800,2840,5085,12655,6.33928571428571,248.869223205506,22.0842373008154,12,0.267857142857143,0,3,0.0669642857142857,0,0,0,0.81,9.7,35806,26.0068145003631,7247,0.13798813302056,7.18918173037119,2.80115910031737,89.8716710362909,96.571574121243,1
"48082","Santurtzi","santurtzi",45749,2702,5885,11156,5.90614002491858,189.566694987256,12.8267774248717,13,0.284159216594898,0,2,0.0437168025530613,0,2,0.0437168025530613,0,10,35069,27.3746043514215,15254,0.498229972466238,6.58188016258031,4.20873213583322,88.7111577291202,98.2774161241863,1
"48084","Sestao","sestao",27533,2965,3428,6901,10.7688955072095,201.312718786464,15.2906833319628,10,0.363200523008753,0,2,0.0726401046017506,1,0,0,1.78,9.6,31003,29.7261555333355,3867,0.12929919834497,9.51642099818981,7.29247478665632,83.0618050168089,84.8229201470097,0
"48904","Sondika","sondika",4521,222,638,984,4.91041804910418,154.23197492163,28.7382584412287,0,0,1.11,0,0,1,0,0,3.92,NA,47871,NA,2032,0.246062992125984,12.8937007874016,13.2874015748032,73.5728346456693,96.4052287581699,1
"48085","Sopela","sopela",14635,628,2587,2377,4.29108302015716,91.8824893699266,46.5047052045324,0,0,0.72,0,0,0,0,0,2.53,10.4,48192,20.7171314741036,2153,0.2322340919647,14.2127264282397,12.1690664189503,73.3859730608453,94.6206896551724,1
"48086","Sopuerta","sopuerta",2698,140,406,583,5.18902891030393,143.5960591133,22.3468507333909,0,0,3.98,0,0,1,0,0,14.03,NA,38654,NA,1398,0.357653791130186,4.22031473533619,4.57796852646638,90.8440629470672,79.6657381615599,0
"48076","Sukarrieta","sukarrieta",361,14,26,121,3.8781163434903,465.384615384615,NA,0,0,1.47,0,0,1,0,0,3.79,NA,44780,NA,139,0,7.19424460431655,3.59712230215827,89.2086330935252,92.2651933701657,1
"48087","Trucios-Turtzioz","trucios-turtzioz",516,18,53,128,3.48837209302326,241.509433962264,17.0258620689655,0,0,0.38,0,0,1,0,0,19.58,NA,35659,NA,99,10.1010101010101,15.1515151515152,0,74.7474747474748,79.0697674418605,0
"48088","Ubide","ubide",164,10,18,27,6.09756097560976,150,NA,0,0,3.54,0,0,0,0,0,19.15,NA,32124,NA,37,13.5135135135135,13.5135135135135,0,72.972972972973,86.046511627907,0
"48065","Ugao-Miraballes","ugao-miraballes",4128,304,592,914,7.36434108527132,154.391891891892,19.1704035874439,0,0,3.41,0,0,1,0,0,8.33,NA,37187,NA,505,0.99009900990099,14.6534653465347,17.6237623762376,66.7326732673267,92.9784824462061,1
"48089","Urduliz","urduliz",5247,219,875,855,4.17381360777587,97.7142857142857,37.7379873073436,0,0,0.13,0,0,1,1,0.190585096245474,0,9.6,45142,20.4155775109654,1655,1.81268882175227,9.60725075528701,6.46525679758308,82.1148036253776,94.1445562671546,1
"48074","Urduña/Orduña","orduna",4166,330,585,988,7.92126740278445,168.888888888889,19.1017466038259,3,0.72011521843495,0,0,0,0,0,0,29.79,NA,35664,NA,1577,1.0145846544071,4.1851616994293,2.91693088142042,91.8833227647432,68.2954545454545,0
"48080","Valle de Trápaga-Trapagaran","valle de trapaga-trapagaran",11918,468,1440,2913,3.92683336130223,202.291666666667,21.9430485762144,0,0,0,0,0,0,0,0,2.62,9.1,35914,24.3247758534276,6168,0.405317769130999,9.98702983138781,8.91699092088197,80.6906614785992,97.6424361493124,1
"48095","Zaldibar","zaldibar",3020,299,497,668,9.90066225165563,134.406438631791,17.6747839748625,1,0.33112582781457,3.92,0,0,1,1,0.33112582781457,0,NA,40861,NA,425,3.52941176470588,17.1764705882353,9.41176470588235,69.8823529411765,74.72,0
"48096","Zalla","zalla",8300,637,1169,1907,7.67469879518072,163.130881094953,19.399889380531,0,0,0.64,1,0.120481927710843,1,0,0,15.34,7.6,38949,18.7321882461681,2221,3.42188203511932,6.34849167041873,4.27735254389914,85.9522737505628,81.5963855421687,0
"48905","Zamudio","zamudio",3256,262,478,773,8.04668304668305,161.715481171548,20.8436724565757,0,0,0.08,0,0,1,1,0.307125307125307,0,NA,41155,NA,5969,0.88792092477802,20.5394538448651,6.68453677332887,71.888088457028,74.521805661821,0
"48097","Zaratamo","zaratamo",1628,58,221,329,3.56265356265356,148.868778280543,20.6047819971871,1,0.614250614250614,1.61,0,0,1,0,0,4.69,NA,38244,NA,1262,1.58478605388273,11.2519809825674,5.07131537242472,82.0919175911252,92.3312883435583,1
"48024","Zeanuri","zeanuri",1271,58,194,279,4.5633359559402,143.814432989691,31.6849816849817,0,0,0.27,0,0,1,0,0,14.99,NA,46006,NA,222,2.25225225225225,18.018018018018,7.20720720720721,72.5225225225225,87.0905587668593,0
"48025","Zeberio","zeberio",1084,31,162,242,2.85977859778598,149.382716049383,29.6455424274973,0,0,6.16,0,0,1,0,0,8.7,NA,44929,NA,263,1.90114068441065,13.3079847908745,13.3079847908745,71.4828897338403,91.6666666666667,1
"48913","Zierbena","zierbena",1485,42,177,313,2.82828282828283,176.83615819209,25.7403189066059,0,0,3.34,0,0,1,0,0,5.45,NA,50292,NA,983,2.03458799593082,12.7161749745677,11.1902339776195,74.059003051882,85.191637630662,0
"48915","Ziortza-Bolibar","ziortza-bolibar",405,9,67,105,2.22222222222222,156.716417910448,NA,0,0,4,0,0,1,0,0,9.14,NA,46086,NA,51,0,19.6078431372549,9.80392156862745,70.5882352941177,62.7450980392157,0
